language,id,text,file,node,lineNumber,lock,comment
en-XA,line:0af4658,Aury: «Hàvé ýöû éàţéñ? Ýöû ļöök ļîké ýöû hàvéñ'ţ. ···········»,Blank_Aury,Aury_Lighthouse,11,6617409a,
en-XA,line:08c8915,"Aury: «Šţîļļ hûmmîñg, ţhîš ţhîñg. Ţàké îţ, wîļļ ýöû? Îţ kéépš mé ûp. ···············»",Blank_Aury,Aury_Lighthouse,13,e326fc17,
en-XA,line:0eeec90,«Î'ļļ ţàké îţ. ···»,Blank_Aury,Aury_Lighthouse,14,15051c97,
en-XA,line:092d52d,"Aury: «Gööď. Mîñď, îţ'š héàvý. Ţhé ļàmp wöñ'ţ mîšš îţ. ···········»",Blank_Aury,Aury_Lighthouse,15,855d4a0a,
en-XA,line:087b709,«Kéép îţ. Îţ'š ţhé ļàmp'š. ······»,Blank_Aury,Aury_Lighthouse,17,afaf2ced,
en-XA,line:01f44fd,Aury: «Šûîţ ýöûŕšéļf. Îţ'š çömpàñý. ········»,Blank_Aury,Aury_Lighthouse,18,2d8440b7,
en-XA,line:01153ac,"Aury: «À vîšîţöŕ! Ûp ţhé çàûšéwàý, îñ ţhîš. Hàvé ýöû éàţéñ? ·············»",Blank_Aury,Aury_Lighthouse,22,858eb63f,
en-XA,line:0ba3fcb,"Aury: «Î kéép ţhé ļîghţ. Šàbļé ŕöwš öûţ wîţh ţhé öîļ. Ñöţ ļàţéļý. Šhé'š bûšý, Î éxpéçţ. ····················»",Blank_Aury,Aury_Lighthouse,23,79a61871,
en-XA,line:0cb3273,"Aury: «Hàvé wé méţ? Ýöû'vé à ļöök. Ļîké à çhîçk Î šàw öñçé, çàŕŕîéď pàšţ, öûţ öf ţhé whîţé. ·····················»",Blank_Aury,Aury_Lighthouse,24,d946f428,
en-XA,line:0fdb0b3,«Šàbļé šéñţ mé. ····»,Blank_Aury,Aury_Lighthouse,25,6e8df709,
en-XA,line:0aab64a,Aury: «Ďîď šhé! Ţéļļ héŕ ţhé öîļ'š ļöw. Šhé'ļļ kñöw whàţ ţhàţ méàñš. ···············»,Blank_Aury,Aury_Lighthouse,26,d2429036,
en-XA,line:0885389,«Whö çàŕŕîéď ţhé çhîçk? ······»,Blank_Aury,Aury_Lighthouse,28,40b62266,
en-XA,line:0961e9a,Aury: «À wömàñ wîţh à ļàñţéŕñ. Wàļkîñg fàšţ. Ďîďñ'ţ šţöp ţö éàţ. Ñöböďý ďöéš. ··················»,Blank_Aury,Aury_Lighthouse,29,be91237f,
en-XA,line:03e03c3,«...»,Blank_Aury,Aury_Lighthouse,31,ab5df625,
en-XA,line:00e9f83,Aury: «Qûîéţ. Ļîké Šàbļé. Šhé ţàļkš pŕîçéš šö šhé ďöéšñ'ţ hàvé ţö ţàļk. ·················»,Blank_Aury,Aury_Lighthouse,32,91ffec0a,
en-XA,line:0a425fa,"Aury: «Föûñď ţhîš îñ ţhé ļàmp'š héàŕţ. Héàvý. Hûmš. Ñö ûšé ţö à ļàmp. Ţàké îţ, wîļļ ýöû? ····················»",Blank_Aury,Aury_Lighthouse,34,dd1f8adb,
en-XA,line:0c2e2cf,«Î'ļļ ţàké îţ. ···»,Blank_Aury,Aury_Lighthouse,35,15051c97,
en-XA,line:07a16aa,"Aury: «Gööď. Mîñď, îţ'š héàvý. Ţhé ļàmp wöñ'ţ mîšš îţ. ···········»",Blank_Aury,Aury_Lighthouse,36,855d4a0a,
en-XA,line:0b685aa,«Kéép îţ. Îţ'š ţhé ļàmp'š. ······»,Blank_Aury,Aury_Lighthouse,38,afaf2ced,
en-XA,line:0c4d8b0,Aury: «Šûîţ ýöûŕšéļf. Îţ'š çömpàñý. ········»,Blank_Aury,Aury_Lighthouse,39,2d8440b7,
en-XA,line:0873e3b,Aury: «Hàvé ýöû éàţéñ? Ţhé çàûšéwàý'š ļöñg. ··········»,Blank_Aury,Aury_Island,46,b5acbca1,
en-XA,line:0341ba7,"Aury: «Ţhé îšļàñď'š mövéď. Öŕ Î hàvé. Šàbļé'š çömîñg, šhé šàýš. Hàvé ýöû éàţéñ? ··················»",Blank_Aury,Aury_Island,49,b274bb97,
en-XA,line:01ea4f8,"Aury: «Šàbļé? Ñöţ ļàţéļý. Šhé'š bûšý, Î éxpéçţ. ··········»",Blank_Aury,Aury_Sable,56,73371e8d,
en-XA,line:0476e52,Aury: «Ţhàţ'š whý ţhé öîļ'š ļàţé. Wéļļ. Hàvé ýöû éàţéñ? ············»,Blank_Aury,Aury_Sable,61,073c34d9,
en-XA,line:0cf4b11,Sable: «Öîļ'š ûp. Ŕöpé'š ûp. Šîţ ďöwñ öŕ ŕöw. ·········»,Blank_Aury,Aury_Sable,63,b8805c6e,
en-XA,line:01e1818,"Sable: «Öîļ'š ûp. Ŕöpé'š ûp. Évéŕýţhîñg'š ûp bûţ ýöû, Àûŕý. ············»",Blank_Aury,Aury_Sable,67,83544cf1,
en-XA,line:03cd935,"Aury: «Hà. Hàvé ýöû éàţéñ, Šàbļé? ·······»",Blank_Aury,Aury_Sable,68,22eee557,
en-XA,line:0de2830,Sable: «Ďöñ'ţ. Ţhàţ'š ñöţ à pŕîçé. Ţhàţ'š à fàvöûŕ. ··········»,Blank_Aury,Aury_Sable,69,480199a7,
en-XA,line:07acfbb,«Àûŕý. Ýöû fàďéď. Föŕţý-öñé ýéàŕš àgö. ··········»,Blank_Aury,Aury_Sable,70,b632339a,
en-XA,line:0c83d7b,Aury: «...Öh. ·»,Blank_Aury,Aury_Sable,71,d465c3c9,
en-XA,line:07300c4,Aury: «Ţhàţ'š whý ţhé öîļ'š ļàţé. ·······»,Blank_Aury,Aury_Sable,72,05bee70e,
en-XA,line:0e08966,"Lighthouse: «Šàbļé šàýš ñöţhîñg. Föŕ ţhé fîŕšţ ţîmé, ñöţhîñg. ·············»",Blank_Aury,Aury_Sable,73,1e225b90,
en-XA,line:054f032,Sable: «Böàţ'š ļéàvîñg. ····»,Blank_Aury,Aury_Sable,74,ebafcaa8,
en-XA,line:0ec08c6,«Ţhé öîļ'š öñ îţš wàý. ·····»,Blank_Aury,Aury_Sable,78,aa0c3f96,
en-XA,line:07f37fa,Sable: «Îţ îš. Î'm ŕöwîñg îţ. ·····»,Blank_Aury,Aury_Sable,79,5f883f2d,
en-XA,line:055d6c6,«...»,Blank_Aury,Aury_Sable,81,ab5df625,
en-XA,line:0cb718c,Sable: «Gööď. Šîţ. Hé ļîkéš çömpàñý. ·······»,Blank_Aury,Aury_Sable,82,be9e9764,
en-XA,line:08a4c92,Corra: «Ţhàţ'š mý fàţhéŕ. Hé'š çömîñg. Ďöñ'ţ. ·········»,Blank_Capital,Capital_Corra,13,f33cfda8,
en-XA,line:099d12f,Corra: «Ďîď ýöû gîvé îţ hîm ýéţ? Hé'ļļ šàý îţ'š ţhé wŕöñg šîzé. Îţ îšñ'ţ. ················»,Blank_Capital,Capital_Corra,18,71703aa3,
en-XA,line:0161951,Corra: «Î'm ďŕàwîñg hîm àgàîñ. Šmàļļéŕ ţhîš ţîmé. Šö hé fîţš ţhŕöûgh ţhé ďööŕ. ··················»,Blank_Capital,Capital_Corra,20,624f009d,
en-XA,line:0448105,Corra: «Î ďŕéw hîm bîggéŕ. Hé wàš bîggéŕ. ·········»,Blank_Capital,Capital_Corra,24,38716cc8,
en-XA,line:0ad196d,Corra: «Hé'š ţhé Gûîļďmàšţéŕ ñöw. Î kñöw. Î ďŕéw ţhàţ ţöö. Hé ďöéšñ'ţ çömé îñ. ·················»,Blank_Capital,Capital_Corra,25,d379374e,
en-XA,line:06fb921,Corra: «Îš ţhàţ hîm? Béhîñď ýöû? Îš hé héŕé? ·········»,Blank_Capital,Capital_Corra,26,77e752ae,
en-XA,line:08db476,«Ļéţ mé çàŕŕý ţhîš ţö hîm. ·······»,Blank_Capital,Capital_Corra,27,369de217,
en-XA,line:0241c5d,«Whàţ'š hîš ñàmé? ····»,Blank_Capital,Capital_Corra,30,22f8e807,
en-XA,line:0f51ea1,"Corra: «Pàpà. Àñď Àûŕéļîàñ, whéñ hé'š îñ ţŕöûbļé. ···········»",Blank_Capital,Capital_Corra,31,654f70a4,
en-XA,line:0770867,Corra: «Wîļļ ýöû ţàké hîm ţhîš? Îţ'š à šmàļļ öñé. Ţhé bîg öñé'š föŕ kéépîñg péöpļé öûţ. ····················»,Blank_Capital,Capital_Corra,32,2f7160de,
en-XA,line:01f46c1,«Ýéš. Î'ļļ ţàké îţ. ····»,Blank_Capital,Capital_Corra,34,6a8584ec,
en-XA,line:0b95001,«Ñöţ ýéţ. ··»,Blank_Capital,Capital_Corra,36,46438371,
en-XA,line:0d80cef,Corra: «Ţhéñ Î'ļļ kéép ďŕàwîñg. Î'vé göţ ļöţš öf pàpéŕ. Îţ'š àļļ pàpéŕ héŕé. ·················»,Blank_Capital,Capital_Corra,37,f55040ff,
en-XA,line:011f622,«...»,Blank_Capital,Capital_Corra,38,ab5df625,
en-XA,line:002d1ac,Corra: «Ýöû'ŕé ļîké hîm. Hé ďöéšñ'ţ ţàļk éîţhéŕ. ··········»,Blank_Capital,Capital_Corra,39,d77ea90e,
en-XA,line:067d85a,Corra: «Héŕé. Ţhé šmàļļ öñé. Îţ'š ţhé ŕîghţ šîzé. ··········»,Blank_Capital,Capital_Corra_Carry,46,5b36353f,
en-XA,line:0c957c3,Corra: «Ţéļļ hîm Î képţ ďŕàwîñg. Ţéļļ hîm ţhé çŕàýöñ ŕàñ öûţ àñď Î ďîď îţ îñ öûţļîñé. ····················»,Blank_Capital,Capital_Corra_Carry,47,284b6ba7,
en-XA,line:0e8a184,"Corvin: «Whéñ Î— šîţ. Ţhé çhàîŕ îš šţîļļ ţhéŕé. Îţ wîļļ bé ţhéŕé àfţéŕ, ţöö. ·················»",Blank_Capital,Capital_Corvin,58,1b930b97,
en-XA,line:07b2ab1,Corvin: «Whéñ Î— gŕàñďďàûghţéŕ. Šîţ. Î hàvé ďŕàwñ ýöû à çhàîŕ. ··············»,Blank_Capital,Capital_Corvin,61,50f3f255,
en-XA,line:06de41d,"Corvin: «Ţhé ñîghţ îţ bŕöké, Î wàļkéď îñ ļöökîñg föŕ mý wîfé àñď mý ďàûghţéŕ. ··················»",Blank_Capital,Capital_Corvin,62,dc41da44,
en-XA,line:0a77e3e,Corvin: «Î héļď öñ šö hàŕď ţhé Höļļöw wéñţ ûñďéŕ wîţh mé. Îļšé'š vîļļàgé. Ýöûŕš. ··················»,Blank_Capital,Capital_Corvin,63,2cff5b58,
en-XA,line:0c38a1c,Corvin: «Hàļļöwàý. Îţ'š ýöûŕš. Îšöļďé gàvé îţ ţö ýöû šö ýöû çöûļď çömé àñď àšk mé föŕ îţ. ····················»,Blank_Capital,Capital_Corvin,64,777aed85,
en-XA,line:0699ef1,"Corvin: «Àñď ţhé šký. Whéñ Î— ţhé šký wàš îñ ţhé Àţļàš, ļîké évéŕýţhîñg éļšé. ·················»",Blank_Capital,Capital_Corvin,65,8de2bf82,
en-XA,line:0e26bc8,"Corvin: «Whéñ îţ bŕöké, ýöû föŕgöţ îţ. Ñöböďý ļöšţ ţhéîŕ wîñgš. Ţhéý ļöšţ ţhé mémöŕý öf ţhém. ······················»",Blank_Capital,Capital_Corvin,66,2ff62c4f,
en-XA,line:0332b7b,"Corvin: «Îţ çöméš bàçk ţhŕöûgh ýöû. Böţh wöŕļďš. Ţhàţ îš whý ţhé öļď fļîghţ fîñďš ýöû, pîéçé bý pîéçé. ························»",Blank_Capital,Capital_Corvin,67,d64f7124,
en-XA,line:03f700f,"Corvin: «Šévéñ šţöñéš àñď ţhé Àţļàš îš whöļé. Ñöţhîñg fàďéš. Ţhé šký šţàýš héļď, šàfé, föŕ évéŕýöñé. ························»",Blank_Capital,Capital_Corvin,68,6e3d3f51,
en-XA,line:002f4f7,"Corvin: «Öŕ gîvé ţhém bàçk, àñď höpé. Î hàvé höpéď föŕ föŕţý-öñé ýéàŕš. Îţ îš övéŕŕàţéď. ····················»",Blank_Capital,Capital_Corvin,69,d7bcb70d,
en-XA,line:08aafef,«Fîñîšh ţhé Šûŕvéý wîţh ýöû. ········»,Blank_Capital,Capital_Corvin,70,4737348f,
en-XA,line:0ca2ce4,Corvin: «Gööď. Gööď. Bŕîñg ţhém ţö ţhé fŕàmé. Î wîļļ šhöw ýöû whéŕé éàçh öñé šîţš. ···················»,Blank_Capital,Capital_Corvin,71,1bb72d74,
en-XA,line:0336357,«Gîvé ţhém bàçk. Àļļ öf ţhém. ·······»,Blank_Capital,Capital_Corvin,74,37794a61,
en-XA,line:0aa15d3,«...»,Blank_Capital,Capital_Corvin,77,ab5df625,
en-XA,line:0becbc9,Corvin: «Ţhéñ ţhîñk. Î ďŕéw ýöû à çhàîŕ föŕ ţhîñkîñg. ············»,Blank_Capital,Capital_Corvin,78,a00e41dd,
en-XA,line:0b8c8bc,Corvin: «Gîvé ţhém bàçk? Whéñ Î— Îļšé fàďéš. Ďö ýöû wàñţ ýöûŕ möţhéŕ ţö fàďé? ·················»,Blank_Capital,Capital_Corvin_Argue,85,5dd67374,
en-XA,line:0d8b46d,«Šhé ļéţ mé gö. Šhé'ď ļéţ ţhîš gö. ········»,Blank_Capital,Capital_Corvin_Argue,86,e14c4b95,
en-XA,line:038963d,"Corvin: «Šhé wöûļď. Šhé ďîď. Šhé ļéţ mé gö ţöö, àñď Î ďîďñ'ţ ļéţ héŕ. ··············»",Blank_Capital,Capital_Corvin_Argue,87,8458573a,
en-XA,line:0e0457b,«Šhé'š àļŕéàďý fàďéď. ······»,Blank_Capital,Capital_Corvin_Argue,89,e3e2a8a0,
en-XA,line:0a06c58,Corvin: «Šö šhé hàš. Àñď ýöû'ď ļéàvé héŕ šö. Hm. ·········»,Blank_Capital,Capital_Corvin_Argue,90,b966b01a,
en-XA,line:08057ab,«...»,Blank_Capital,Capital_Corvin_Argue,91,ab5df625,
en-XA,line:0da24ce,"Corvin: «Šîļéñçé îš ñöţ àñ àñšwéŕ, gŕàñďďàûghţéŕ. Îţ îš à çhàîŕ. ···············»",Blank_Capital,Capital_Corvin_Argue,92,f501e06d,
en-XA,line:0c46286,Corvin: «Ţhé Höļļöw wéñţ ûñďéŕ béçàûšé Î héļď. Àñď ýöû wöûļď hàvé mé höļď ñöţhîñg? ····················»,Blank_Capital,Capital_Corvin_Argue,93,27b1d907,
en-XA,line:090f081,«Ýöû héļď àļöñé. Ţhàţ pûļļéď îţ ûñďéŕ. ··········»,Blank_Capital,Capital_Corvin_Argue,94,c9bb2e8b,
en-XA,line:02351f4,Corvin: «Àļöñé. Whéñ Î— ýéš. Ţhéŕé wàš ñöböďý éļšé wàļkîñg îţ. Ñöböďý šîñgîñg. ··················»,Blank_Capital,Capital_Corvin_Argue,95,ee64fe07,
en-XA,line:0da2c70,«Ţhéñ höļď évéŕýţhîñg. ······»,Blank_Capital,Capital_Corvin_Argue,97,96809f5d,
en-XA,line:0a70fb1,"Corvin: «Ţhàţ îš mý àŕgûméñţ, ñöţ ýöûŕš. Ţŕý àgàîñ, ļàţéŕ. ·············»",Blank_Capital,Capital_Corvin_Argue,98,e8b3a59b,
en-XA,line:01d9273,«Ýöû çöûļďñ'ţ hàvé kñöwñ. ·······»,Blank_Capital,Capital_Corvin_Argue,99,7e92c155,
en-XA,line:024d82f,Corvin: «Ďöñ'ţ. Šöméböďý hàš ţö hàvé ďöñé îţ. Îţ wàš mé. ············»,Blank_Capital,Capital_Corvin_Argue,100,bc202862,
en-XA,line:0a2c2cb,Corvin: «Àñď ţhé šký? Bŕéàk ţhé fŕàmé àñď îţ šçàţţéŕš. Ñöböďý höļďš îţ whöļé àgàîñ. ····················»,Blank_Capital,Capital_Corvin_Argue,101,c623a1ad,
en-XA,line:0b64759,«Îţ çàmé bàçk ţö mé. Ñöţ ţhé Àţļàš. ·········»,Blank_Capital,Capital_Corvin_Argue,102,5567cc26,
en-XA,line:0702f18,"Corvin: «Àţ ţhé Wîñď Gàţé. Î héàŕď. Ţhé whöļé Šţéppé héàŕď. Föŕţý ýéàŕš, àñď ţhéñ ýöû. ····················»",Blank_Capital,Capital_Corvin_Argue,103,c3f8e813,
en-XA,line:078b10b,«Ţhéñ ļéţ îţ šçàţţéŕ. ······»,Blank_Capital,Capital_Corvin_Argue,105,82f9c690,
en-XA,line:08b986f,Corvin: «Ýöû šàý îţ šö ļîghţļý. Ýöû'vé fļöwñ. ·········»,Blank_Capital,Capital_Corvin_Argue,106,a1ac337e,
en-XA,line:0036742,«...»,Blank_Capital,Capital_Corvin_Argue,107,ab5df625,
en-XA,line:0040d49,Corvin: «Hm. ·»,Blank_Capital,Capital_Corvin_Argue,108,61c63338,
en-XA,line:0e7f2a9,"Corvin: «Whéñ Î— ýöû àŕé ýöûñg, àñď ýöû mîghţ bé ŕîghţ. Î àm öļď. Šhöw mé. ················»",Blank_Capital,Capital_Corvin_Argue,110,e6bf6ce7,
en-XA,line:023f34e,"Corvin: «Ñö. Ýöû àŕé ýöûñg, àñď ýöû àŕé wŕöñg, àñď Î ļövé ýöû. Šîţ. ··············»",Blank_Capital,Capital_Corvin_Argue,113,3b5f4272,
en-XA,line:0c6c275,"Corvin: «Bàçk? Ţhé çhàîŕ îš šţîļļ héŕé. Gö öñ, ţhéñ. Šàý îţ. ············»",Blank_Capital,Capital_Corvin_After,122,3b1fe856,
en-XA,line:030323d,«Ļéţ'š fîñîšh ýöûŕ Šûŕvéý. ·······»,Blank_Capital,Capital_Corvin_After,123,f066238e,
en-XA,line:033ad88,Corvin: «Gööď. Gööď. Bŕîñg ţhém ţö ţhé fŕàmé. ·········»,Blank_Capital,Capital_Corvin_After,124,ca46865b,
en-XA,line:0115589,«Héàŕ mé öûţ àgàîñ. ·····»,Blank_Capital,Capital_Corvin_After,126,9e3bbcf9,
en-XA,line:06da95d,«Î'ļļ šîţ. Î'ļļ ďŕàw wîţh ýöû. ·······»,Blank_Capital,Capital_Corvin_After,128,5a3bcbf4,
en-XA,line:06cc429,Corvin: «Ţhéñ ďŕàw îţ béţţéŕ ţhàñ Î ďîď. Gö öñ. ··········»,Blank_Capital,Capital_Corvin_After,132,e9de506c,
en-XA,line:0030486,Corvin: «Ýöû çàŕŕý ñöñé. Ñöböďý'š šţöñéš àţ àļļ. Ţhéñ ţhéŕé îš à ţhîŕď wàý. ·················»,Blank_Capital,Capital_Corvin_After,134,49e84008,
en-XA,line:059ef79,Corvin: «Šţàý. Šîţ îñ ţhé çhàîŕ. Ďŕàw wîţh mé. Ñöböďý wîļļ höļď ýöû ţö àñýţhîñg. ··················»,Blank_Capital,Capital_Corvin_After,135,385dd7e5,
en-XA,line:0c1bb4a,«Kéép ýöûŕ šţöñé. Î'ļļ ţhîñk. ·······»,Blank_Capital,Capital_Corvin_After,137,36b9f94a,
en-XA,line:0ccf293,Corvin: «Ţhîñkîñg îš àļļöwéď. Ţhé çhàîŕ îš gööď föŕ îţ. ············»,Blank_Capital,Capital_Corvin_After,138,a8522b52,
en-XA,line:0607af7,«Gîvé îţ ţö mé. ····»,Blank_Capital,Capital_Corvin_After,140,c0074ea4,
en-XA,line:0008744,Corvin: «Ţhé šévéñţh. Héàvîéŕ ţhàñ îţ ļöökš. Ţhéý àļļ àŕé. ·············»,Blank_Capital,Capital_Corvin_After,141,5634ed53,
en-XA,line:0ff5881,Corvin: «Ţhé šévéñţh. Ţàké îţ. Whàţévéŕ ýöû méàñ ţö ďö wîţh îţ. Héàvîéŕ ţhàñ îţ ļöökš. ····················»,Blank_Capital,Capital_Corvin_After,145,c4ec6f42,
en-XA,line:0d95fe4,Corvin: «Šîţ. Ţhé çhàîŕ îš ýöûŕš. Î ďŕéw îţ béföŕé ýöû wéŕé böŕñ. ··············»,Blank_Capital,Ending_Rest,154,af45d630,
en-XA,line:0228c30,"Corvin: «Îšöļďé çàñ gö. Î'ļļ hàvé ţhé whîţé ļéţ gö öf héŕ. Ţhàţ'š ţhé ţŕàďé, îf ýöû ļîké. ····················»",Blank_Capital,Ending_Rest,155,bb111c22,
en-XA,line:0c76c01,Mirror: «Šhé šîţš îñ ţhé mîŕŕöŕ-Öbšéŕvàţöŕý àñď ďŕàwš. Çöŕvîñ ďŕàwš béšîďé héŕ. ···················»,Blank_Capital,Ending_Rest,156,e7661f10,
en-XA,line:0490017,Corvin: «Whéñ Î— ñö. Ñöţhîñg. Ďŕàw. ······»,Blank_Capital,Ending_Rest,157,5ddd7d72,
en-XA,line:00e7cb5,"Lantern: «Ţhé gŕéý çhîçk, öñé pàçé bàçk, öñé ţö ţhé ļéfţ. ············»",Blank_Capital,Capital_Marrow_Word,166,83c4e2ef,
en-XA,line:0b6c82b,Lantern: «Ţhé gŕéý çhîçk ļöökš ûp àţ ţhé mîŕŕöŕ-ďömé àñď šàýš ñöţhîñg. ················»,Blank_Capital,Capital_Marrow_Word,170,7f9d5ced,
en-XA,line:0dcf39b,Corvin: «Whéñ Î— Î héļď îţ. Î héļď àļļ öf îţ. Ñöţhîñg wàš ļöšţ. ·············»,Blank_Capital,Capital_Marrow_Word,173,c8133b6b,
en-XA,line:0842c49,Marrow: «Ñöţhîñg wàš ļöšţ. ·····»,Blank_Capital,Capital_Marrow_Word,174,7be4cc01,
en-XA,line:0e95dac,Corvin: «Ýöû šéé? Évéñ ţhé çhîļď. ······»,Blank_Capital,Capital_Marrow_Word,175,0a52a15e,
en-XA,line:0c28f3f,Marrow: «Ļöšţ. ··»,Blank_Capital,Capital_Marrow_Word,176,24b21d77,
en-XA,line:0c4d954,Marrow: «Ûp. ·»,Blank_Capital,Capital_Marrow_Word,177,6b89d951,
en-XA,line:0c17438,"Plate: «Öñ à Gûîļď öffîçé ďööŕ: À. VÖŠŠ, JÖÛŔÑÉÝMÀÑ. BÀÇK BÝ ĎÛŠK. ···············»",Blank_Environment,Capital_Nameplate,6,efb31b5b,
en-XA,line:060e0c2,"Plate: «Gŕéý, ļîké ţhé ďööŕ. Pöļîšhéď, whéŕé à šmàļļ wîñg çöûļď ŕéàçh. ················»",Blank_Environment,Capital_Nameplate,7,74ab9b31,
en-XA,line:0d6f3da,"Doorframe: «Héîghţ màŕkš îñ Îļšé'š ďööŕfŕàmé, çûţ wîţh à kñîfé, à šçŕàţçh öf à ñàmé bý éàçh. ·····················»",Blank_Environment,Hollow_Doorframe,12,898c2426,
en-XA,line:08919d8,Doorframe: «Ţhéý šţöp àţ à šîx-ýéàŕ-öļď'š héîghţ. Ţhé ñàmé îš çûţ ţöö fîñé ţö ŕéàď. ··················»,Blank_Environment,Hollow_Doorframe,13,bfa8f1ee,
en-XA,line:00e534c,"Ilse: «Gö àñď šéé mý fàţhéŕ. Ţhéñ çömé àñď šîţ wîţh mé, îf ţhéŕé'š ţîmé. ················»",Blank_Hollow,Hollow_Ilse,11,034576da,
en-XA,line:09cad43,Ilse: «Ţhéŕé ýöû àŕé. Î šàw ýöû àţ ţhé éďgé öf ţhé vîļļàgé béföŕé ýöû šàw mé. ··················»,Blank_Hollow,Hollow_Ilse,14,004b0155,
en-XA,line:04cad9d,"Ilse: «Ýöû höļď ýöûŕ héàď ţhé šàmé. Ţîļţéď, àš îf ýöû'ŕé ļîšţéñîñg föŕ šöméţhîñg fàŕ öff. ······················»",Blank_Hollow,Hollow_Ilse,15,66c92c14,
en-XA,line:01a80d7,Ilse: «Ýöû wéŕé böŕñ héŕé. Àfţéŕ. Whéñ ţhé Höļļöw wàš àļŕéàďý ļîké ţhîš. ·················»,Blank_Hollow,Hollow_Ilse,16,ea7392bb,
en-XA,line:0517bd8,Ilse: «Çhîļďŕéñ böŕñ îñ ţhé whîţé béļöñg ţö böţh. Ýöû çöûļď šéé héŕ. Ţhé wömàñ wîţh ţhé ļàñţéŕñ. ························»,Blank_Hollow,Hollow_Ilse,17,09a1aee4,
en-XA,line:0a7cae8,Ilse: «Šhé çàŕŕîéď ýöû öûţ. Ţhé çŕöššîñg ţöök évéŕýţhîñg ýöû ŕémémbéŕéď. Î ļéţ îţ. ····················»,Blank_Hollow,Hollow_Ilse,18,02ba5d4d,
en-XA,line:0a6ae91,Ilse: «Î ļéţ ýöû gö. Îţ wàš ţhé öñļý ţhîñg Î wàš évéŕ šûŕé öf. ··············»,Blank_Hollow,Hollow_Ilse,19,8966eded,
en-XA,line:0babe80,«Ýöû'ŕé mý möţhéŕ. ·····»,Blank_Hollow,Hollow_Ilse,20,29cb10ee,
en-XA,line:0d0d613,Ilse: «Î wàš. Î àm. Îţ'š ţhé šàmé wöŕď héŕé. ·········»,Blank_Hollow,Hollow_Ilse,21,8338235c,
en-XA,line:0b4c11f,«Çömé öûţ wîţh mé. ·····»,Blank_Hollow,Hollow_Ilse,23,3dbe005f,
en-XA,line:071d3c7,Ilse: «Ñö. Î ļéţ gö öf ţhîñgš. Îţ'š whàţ Î'm gööď àţ. ···········»,Blank_Hollow,Hollow_Ilse,24,1a94e257,
en-XA,line:0b0133e,«...»,Blank_Hollow,Hollow_Ilse,26,ab5df625,
en-XA,line:06cbed0,"Ilse: «Ýöû ďîď ţhàţ àš à çhîçk ţöö. Ļöökéď, àñď šàîď ñöţhîñg. ··············»",Blank_Hollow,Hollow_Ilse,27,f8d23f51,
en-XA,line:06f0221,"Ilse: «Mý fàţhéŕ höļďš ţhîš pļàçé. Hé héļď öñ ţöö hàŕď, öñçé. Àšk hîm whàţ îţ çöšţ. ···················»",Blank_Hollow,Hollow_Ilse,29,ccc5b7c4,
en-XA,line:06c7b70,Ilse: «Ţàké ţhîš. Ţhé Ŕémñàñţ'š çhàŕţéŕ. Gŕéý îš à çöļöûŕ ýöû çàñ çàŕŕý. ·················»,Blank_Hollow,Hollow_Ilse,30,038ea4fd,
en-XA,line:0579e5c,"Isolde: «Gö öñ, jöûŕñéýmàñ. Î'm ñöţ göîñg àñýwhéŕé. Ţhàţ'š ţhé pŕöbļém. ················»",Blank_Hollow,Hollow_Isolde,39,257ca5eb,
en-XA,line:08debfb,Isolde: «Šţîļļ çàŕŕýîñg hîš šţöñé. Ţhé šîxţh šļöţ'š. Wàñţ îţ ñöw? ···············»,Blank_Hollow,Hollow_Isolde,41,31a608a8,
en-XA,line:0c9627b,«Î'ļļ çàŕŕý îţ. ····»,Blank_Hollow,Hollow_Isolde,42,3eba516e,
en-XA,line:0187126,Isolde: «Héàvîéŕ ţhàñ îţ ļöökš. Ďöñ'ţ ţéļļ Ţéöďöŕ Î šàîď ţhàţ. Hé'ļļ šàý îţ fîŕšţ. ···················»,Blank_Hollow,Hollow_Isolde,43,61e1748e,
en-XA,line:0da1d1e,«Ñöţ ýéţ. ··»,Blank_Hollow,Hollow_Isolde,45,46438371,
en-XA,line:0bd177c,Isolde: «Šţûbböŕñ. Gööď. ····»,Blank_Hollow,Hollow_Isolde,46,13829aaa,
en-XA,line:02450ea,Isolde: «Jöûŕñéýmàñ. Ýöû çŕöššéď. Ļöök àţ ýöû. ··········»,Blank_Hollow,Hollow_Isolde,50,4ffb5ef6,
en-XA,line:0a36a4a,Isolde: «Î çàñ'ţ ļéàvé. Î ţŕîéď. Ţhé whîţé ļéţš gö öf ţhîñgš ţhàţ wàļkéď îñ whöļé. Î ďîďñ'ţ. ·····················»,Blank_Hollow,Hollow_Isolde,51,ef9330cd,
en-XA,line:0dce774,"Isolde: «Ďîď ýöû ŕéàď îţ? Ţhé àţļàš? Ţhéñ ýöû kñöw whàţ Î ţöök, àñď whö îţ'š föŕ. ··················»",Blank_Hollow,Hollow_Isolde,52,50fed03a,
en-XA,line:04da2e7,«Î ŕéàď îţ. Àļļ öf îţ. ·····»,Blank_Hollow,Hollow_Isolde,53,541643ea,
en-XA,line:0b14509,Isolde: «Gööď. Ţhéñ ýöû ďöñ'ţ ñééď mé ţö éxpļàîñ. Ýöû ñévéŕ ďîď. ··············»,Blank_Hollow,Hollow_Isolde,54,de3e92ea,
en-XA,line:0429857,«Î'm géţţîñg ýöû öûţ. ·····»,Blank_Hollow,Hollow_Isolde,56,a25a3ceb,
en-XA,line:0f4ea8c,Isolde: «Ñö çàŕŕýîñg. Fîñîšh whàţ ýöû çàmé föŕ. Ţhéñ wé'ļļ šéé whàţ'š ļéfţ ţö çàŕŕý. ···················»,Blank_Hollow,Hollow_Isolde,57,77ad00f8,
en-XA,line:04d451e,«...»,Blank_Hollow,Hollow_Isolde,59,ab5df625,
en-XA,line:00aff0d,Isolde: «Ţhàţ'š mîñé. Ýöû šţöļé ţhàţ fŕöm mé. Kéép îţ. ···········»,Blank_Hollow,Hollow_Isolde,60,daee0805,
en-XA,line:09fc704,Isolde: «Àñď ţhîš. Ţhé šîxţh šļöţ'š šţöñé. Çöŕvîñ'š. Î ñévéŕ göţ îţ ţö hîm. ················»,Blank_Hollow,Hollow_Isolde,62,6f66845d,
en-XA,line:0dd64c9,«Î'ļļ çàŕŕý îţ. ····»,Blank_Hollow,Hollow_Isolde,63,3eba516e,
en-XA,line:06da2fe,Isolde: «Héàvîéŕ ţhàñ îţ ļöökš. Ďöñ'ţ ţéļļ Ţéöďöŕ Î šàîď ţhàţ. Hé'ļļ šàý îţ fîŕšţ. ···················»,Blank_Hollow,Hollow_Isolde,64,61e1748e,
en-XA,line:06ed433,«Kéép îţ. Gîvé îţ hîm ýöûŕšéļf. ········»,Blank_Hollow,Hollow_Isolde,66,6feeb4e7,
en-XA,line:003023d,"Isolde: «Šţûbböŕñ. Gööď. Î'ļļ höļď îţ, ţhéñ. ·········»",Blank_Hollow,Hollow_Isolde,67,a553f0bf,
en-XA,line:0d0fc19,"Lantern: «Whîţé, àñď ţhéñ çöļöûŕ, bļöömîñg ŕöûñď héŕ fééţ àš šhé wàļkš. ················»",Blank_Hollow,Blank_Marrow_Follow,74,2a56ae36,
en-XA,line:020168b,"Lantern: «Àñ îšļàñď ďŕîfţš ûp ûñďéŕ héŕ. Béhîñď héŕ, öñé pàçé bàçk àñď öñé ţö ţhé ļéfţ, à gŕéý çhîçk. ·······················»",Blank_Hollow,Blank_Marrow_Follow,75,d799110d,
en-XA,line:0e883ae,Ilse: «Î ļéţ ýöû gö. Îţ wàš ţhé öñļý ţhîñg Î wàš évéŕ šûŕé öf. ··············»,Blank_Hollow,Blank_Marrow_Follow,80,8966eded,
en-XA,line:00873a0,Marrow: «Ļéţ ýöû gö. ···»,Blank_Hollow,Blank_Marrow_Follow,81,7040bb25,
en-XA,line:019f062,Marrow: «Wŕéñ. ··»,Blank_Hollow,Blank_Marrow_Follow,82,2d965264,
en-XA,line:0264402,"Lantern: «Ţhé gŕéý çhîçk, öñé pàçé bàçk, öñé ţö ţhé ļéfţ. ············»",Blank_Hollow,Blank_Marrow_Follow,86,83c4e2ef,
en-XA,line:0a5bc77,Dotha: «Éļévéñ. Šţîļļ éļévéñ. Ţhé wàţéŕ'š à béţţéŕ àûďîéñçé héŕé. ···············»,Blank_Islands,Island_Merrow_Dotha,9,935344b9,
en-XA,line:02fb130,Dotha: «Ýöû. Šîţ îf ýöû'ŕé šîţţîñg. ·······»,Blank_Islands,Island_Merrow_Dotha,12,a57acee9,
en-XA,line:04a9762,Dotha: «Éļévéñ šöñgš. Î hàvé àļļ éļévéñ héŕé. Ţhé ţwö ţhàţ wéñţ wîţh péöpļé çàmé bàçk wîţh ţhém. ·······················»,Blank_Islands,Island_Merrow_Dotha,13,1af3efdb,
en-XA,line:0678c1d,"Dotha: «Ýöû ļéţ îţ gö. Kîñď. Ýöû šàîď šö, àñď îţ wàš. ···········»",Blank_Islands,Island_Merrow_Dotha,15,609c499b,
en-XA,line:07278f2,Dotha: «Ñöböďý héļď îţ. Šö héŕé îţ îš. Ŕööfš àñď àļļ. Föŕţý öf ţhém. ···············»,Blank_Islands,Island_Merrow_Dotha,17,f1b258ed,
en-XA,line:05aad31,«Šîñg mé ţhé éļévéñţh. ······»,Blank_Islands,Island_Merrow_Dotha,19,b9ffece8,
en-XA,line:0d9fdf6,Dotha: «Îţ'š àböûţ à šţŕàñgéŕ öñ ţhé šţööp. Îţ'š šhöŕţ. Évéŕýţhîñg ţŕûé îš. ·················»,Blank_Islands,Island_Merrow_Dotha,20,e2fd33f2,
en-XA,line:0a20145,«Ďö ýöû wàñţ ţö çömé bàçk? ·······»,Blank_Islands,Island_Merrow_Dotha,22,8fc30b4a,
en-XA,line:05f29ce,Dotha: «Î ďöñ'ţ àšk ţwîçé. Î àškéď öñçé. Ýöû àñšwéŕéď. ············»,Blank_Islands,Island_Merrow_Dotha,23,e274fa75,
en-XA,line:04f07a0,«...»,Blank_Islands,Island_Merrow_Dotha,25,ab5df625,
en-XA,line:0bac9ce,Dotha: «Qûîéţ öñé. Ţhé whîţé ļîkéš ýöû ţöö. ·········»,Blank_Islands,Island_Merrow_Dotha,26,e5e732d4,
en-XA,line:0d0ec85,Brask: «Ţhîŕţý-öñé. Àñšwéŕéď. Ţéļļ Ŕûñà wé héàŕď. ···········»,Blank_Islands,Island_Hollowvein,35,fa1a3c37,
en-XA,line:0e87221,Brask: «Šţîļļ ļîšţéñîñg. Hàvé ýöû éàţéñ? ·········»,Blank_Islands,Island_Hollowvein,37,a5971815,
en-XA,line:007c1d8,"Brask: «Îš îţ ţhé ŕöļļ-çàļļ? Wé'vé bééñ ļîšţéñîñg föŕ îţ. Ţhîŕţý-öñé öf ûš, šţàñďîñg. ····················»",Blank_Islands,Island_Hollowvein,41,0a62c300,
en-XA,line:0ea0261,Brask: «Ñöböďý'š çàļļéď ûš. Hàvé ýöû éàţéñ? Ţhéŕé'š ñöţhîñg. Ýöû'ŕé wéļçömé ţö îţ. ···················»,Blank_Islands,Island_Hollowvein,42,9cef9a69,
en-XA,line:0f942f9,«Î kñöw ţhé ŕöļļ-çàļļ. ······»,Blank_Islands,Island_Hollowvein,43,e303be2c,
en-XA,line:06fc629,Brask: «Ţhéñ çàļļ îţ. Wé'ļļ àñšwéŕ. Évéŕý öñé. ··········»,Blank_Islands,Island_Hollowvein,44,60858406,
en-XA,line:0ccddef,"Mine: «Ţhîŕţý-öñé ñàméš, îñţö ţhé whîţé. Ţhîŕţý-öñé àñšwéŕš, öûţ öf îţ. ·················»",Blank_Islands,Island_Hollowvein,45,ed55f903,
en-XA,line:0a036ce,«Ŕûñà çöûñţš ýöû évéŕý ñîghţ. ········»,Blank_Islands,Island_Hollowvein,48,450f3df6,
en-XA,line:0653290,Brask: «Ŕûñà? Kéţţîļ'š gîŕļ? Šhé wàš ţhîš hîgh. Šhé çöûñţš ûš? ··············»,Blank_Islands,Island_Hollowvein,49,3098257f,
en-XA,line:0b1c404,Brask: «Ţhéñ wé'ŕé çöûñţéď. Ţhàţ'š šöméţhîñg. Ţhàţ'š à ļöţ. ·············»,Blank_Islands,Island_Hollowvein,50,5f890e04,
en-XA,line:06d7962,«...»,Blank_Islands,Island_Hollowvein,52,ab5df625,
en-XA,line:0c5d705,"Brask: «Ţhàţ'š whàţ ţhé Gûîļď šàîď ţöö. Šîţ, àñýwàý. ···········»",Blank_Islands,Island_Hollowvein,53,4e924aba,
en-XA,line:014fa1a,Hollin: «Šţîļļ ţöñîghţ. Šţîļļ bŕéàď. Çömé bàçk àñý ţîmé; îţ'š ţöñîghţ. ················»,Blank_Islands,Island_Aldermere,61,5d05f552,
en-XA,line:0946efd,Hollin: «Çàŕţögŕàphéŕ! Ýöû çàmé ţö ţhé féšţîvàļ. Îţ'š šţîļļ ţöñîghţ. Îţ'š ţöñîghţ àļļ ñîghţ. ······················»,Blank_Islands,Island_Aldermere,64,6763fd3c,
en-XA,line:042703f,"Hollin: «Hàvé ýöû éàţéñ? Ţhéŕé'š bŕéàď. Ţhéŕé'š bŕéàď ţîļļ möŕñîñg, àñď möŕñîñg'š à ļöñg wàý. ······················»",Blank_Islands,Island_Aldermere,65,33b4ffbe,
en-XA,line:0fdea9c,Hollin: «Wé wöûļď ŕàţhéŕ bé ŕémémbéŕéď ţhàñ képţ. Àñď ýöû ŕémémbéŕéď. Ļöök àţ ûš. ···················»,Blank_Islands,Island_Aldermere,66,c27d8419,
en-XA,line:06bffe4,«Îţ'š à gööď féšţîvàļ. ······»,Blank_Islands,Island_Aldermere,67,8b4f5a4f,
en-XA,line:09b7f57,Hollin: «Ţhé béšţ. Wé öñļý hàď ţhé öñé. Wé màďé îţ ļàšţ. ············»,Blank_Islands,Island_Aldermere,68,824495cc,
en-XA,line:03787d1,«Ţéöďöŕ šîţš wîţh ýöû évéŕý évéñîñg. ··········»,Blank_Islands,Island_Aldermere,70,7a3ecf64,
en-XA,line:0a5684c,Hollin: «Ţéöďöŕ! Ţéļļ hîm ţhé bŕéàď'š šţîļļ wàŕm. Ţéļļ hîm hé wàš ŕîghţ. ················»,Blank_Islands,Island_Aldermere,71,4baf61c1,
en-XA,line:0c0eeda,«Ďö ýöû wàñţ ţö bé héļď? ······»,Blank_Islands,Island_Aldermere,73,1097a06d,
en-XA,line:0fe80c4,Hollin: «Héļď? Wé'ŕé ďàñçîñg. Àšk mé àfţéŕ. Ţhéŕé îšñ'ţ àñ àfţéŕ. Hà! ···············»,Blank_Islands,Island_Aldermere,74,d1a5602d,
en-XA,line:0b3d91b,Innkeeper: «Ţhé šàmé šöûp. Šîţ. ·····»,Blank_Islands,Island_Inn,82,753b27e3,
en-XA,line:0175b05,"Innkeeper: «Ţŕàvéļļéŕ. Ţhé ŕöàď bŕöûghţ ýöû. Îţ ďöéš, öñé ñîghţ îñ à ļöñg whîļé. ··················»",Blank_Islands,Island_Inn,85,76af250d,
en-XA,line:0f49fba,Innkeeper: «Hàvé ýöû éàţéñ? Ţhé šöûp îš ţhé šàmé šöûp. Ñöböďý mîñďš. Šîţ. ················»,Blank_Islands,Island_Inn,86,20a147a8,
en-XA,line:058d2e7,«Whö éļšé îš öñ ţhé ŕöàď? ······»,Blank_Islands,Island_Inn,87,3f8c0fbf,
en-XA,line:0755b57,Innkeeper: «Évéŕýöñé whö ţöök îţ. Ñöböďý whö'š çömîñg. Šàļţ? ·············»,Blank_Islands,Island_Inn,88,542a574e,
en-XA,line:0db29f5,«Î çàmé ţhŕöûgh ţhé gàţé. Àgàîñ. ········»,Blank_Islands,Island_Inn,90,dce298a4,
en-XA,line:05697d8,Innkeeper: «Ţwîçé! À ŕégûļàŕ. Wé'ļļ kéép ýöûŕ çhàîŕ. ··········»,Blank_Islands,Island_Inn,91,41399551,
en-XA,line:0689a60,«...»,Blank_Islands,Island_Inn,93,ab5df625,
en-XA,line:052e947,Innkeeper: «Qûîéţ öñéš éàţ möŕé. Héŕé. ·······»,Blank_Islands,Island_Inn,94,f2ceffce,
en-XA,line:0ee1b4f,Brisk: «Ţhé mîļļ ţûŕñš. Ñöböďý'š pàîď. Ñöböďý'š öwéď. ············»,Blank_Islands,Island_Lowmarket,102,cab24091,
en-XA,line:0bbf76d,Brisk: «Jöûŕñéýmàñ. Ýöû šţàýéď öûţ. Fàîŕ. Îţ wàšñ'ţ ýöûŕ šţŕîké. ···············»,Blank_Islands,Island_Lowmarket,105,9b2190a1,
en-XA,line:0e4fd36,"Brisk: «Ñö öwñéŕš héŕé. Ñö wàgéš. Ñö šûŕvéý. Jûšţ ţhé mîļļ, ţûŕñîñg, àñď ûš. ·················»",Blank_Islands,Island_Lowmarket,106,45b3fadd,
en-XA,line:00c7843,Brisk: «Hàvé ýöû éàţéñ? Ţhéŕé'š pàpéŕ. Ýöû çàñ'ţ éàţ pàpéŕ. Föŕçé öf hàbîţ. ·················»,Blank_Islands,Island_Lowmarket,107,1c0a43b6,
en-XA,line:08530dc,«Àŕé ýöû gļàď? ····»,Blank_Islands,Island_Lowmarket,108,bac76a63,
en-XA,line:067125b,Brisk: «Ñöböďý'š öwéď àñýţhîñg héŕé. Î ţhöûghţ Î'ď ļîké îţ möŕé. ···············»,Blank_Islands,Island_Lowmarket,109,037c46bd,
en-XA,line:018ffdb,«Î šhöûļď hàvé šţéppéď îñ. ·······»,Blank_Islands,Island_Lowmarket,111,07202102,
en-XA,line:0d7b920,"Brisk: «Màýbé. Wé'ď hàvé bééñ képţ, ţhéñ. Šàmé bŕéàď föŕévéŕ. Pîçk ýöûŕ föŕévéŕ. ···················»",Blank_Islands,Island_Lowmarket,112,4bc12ea6,
en-XA,line:0b05062,«...»,Blank_Islands,Island_Lowmarket,114,ab5df625,
en-XA,line:01ba5be,Brisk: «Àýé. Ţhé mîļļ šàýš ţhàţ ţöö. ·······»,Blank_Islands,Island_Lowmarket,115,88c6c516,
en-XA,line:0683cd2,Remnant: «Öh. À vîšîţöŕ. Wé ďöñ'ţ— hàvé ýöû éàţéñ? ··········»,Blank_Islands,Island_Remnant,122,693e41b8,
en-XA,line:0b4bdd1,"Remnant: «Ţhîš îš à pļàçé. Îţ wàš öñ à màp, öñçé. Ýöû ďŕéw îţ, màýbé. ··············»",Blank_Islands,Island_Remnant,123,84fa89a2,
en-XA,line:0747ffd,«Î ļéfţ îţ ûñàñçhöŕéď. ······»,Blank_Islands,Island_Remnant,124,01adccbb,
en-XA,line:0384314,Remnant: «Ţhéñ îţ'š héŕé. Ţhàţ'š whéŕé ûñàñçhöŕéď göéš. Îţ'š ñöţ bàď. Îţ'š qûîéţ. ··················»,Blank_Islands,Island_Remnant,125,82dd65ce,
en-XA,line:069da2a,«Ďö ýöû wàñţ ţö çömé bàçk? ·······»,Blank_Islands,Island_Remnant,127,8fc30b4a,
en-XA,line:0359d47,Remnant: «Bàçk? Wé'ŕé héŕé. Whéŕé'š bàçk? ········»,Blank_Islands,Island_Remnant,128,2f4d18a5,
en-XA,line:0d31d1f,«...»,Blank_Islands,Island_Remnant,130,ab5df625,
en-XA,line:03008b2,Remnant: «Ýéš. Ļîké ţhàţ. Šîţ à whîļé. ·······»,Blank_Islands,Island_Remnant,131,99889d1e,
en-XA,line:05cc295,Kettil: «Ţhé çŕàñé'š šţîļļ ďöîñg šûmš îñ ţhé šţéàm. Ļéţ hîm. Wàŕm wàţéŕ'š fŕéé. ··················»,Emberdown_Baths_Debate,Baths_Kettil_Debate,8,a123acca,
en-XA,line:06dfe12,"Lorne: «Šîx hûñďŕéď àñď ţwéļvé ŕéšîďéñţš. Fàďé àţ ţhé šöûţhéŕñ éďgé: öñé wîñgšpàñ à ýéàŕ, ŕîšîñg. ························»",Emberdown_Baths_Debate,Baths_Kettil_Debate,11,8551ed5f,
en-XA,line:00681ed,Lorne: «Àñçhöŕîñg çöšţš föûŕ hûñďŕéď çŕöwñš à šţŕééţ. Kéţţîļ'š Ŕéšţ hàš föûŕţééñ šţŕééţš. Ţhé Gûîļď wîļļ ļéñď îţ. ·····························»,Emberdown_Baths_Debate,Baths_Kettil_Debate,12,a1451b1c,
en-XA,line:027a1fd,Kettil: «Àñď îñ föŕţý ýéàŕš ţhé šàmé šîx hûñďŕéď àñď ţwéļvé. Ñöţ öñé möŕé. Ñöţ öñé hàţçhéď. Šhé špîţš. ························»,Emberdown_Baths_Debate,Baths_Kettil_Debate,13,6755ab54,
en-XA,line:0a99f53,"Lorne: «Ñöţ öñé féwéŕ, éîţhéŕ. Méŕŕöw'š Éñď hàď ñîñé hûñďŕéď. Àšk îţ höw màñý îţ hàš ñöw. ·····················»",Emberdown_Baths_Debate,Baths_Kettil_Debate,14,614a6631,
en-XA,line:0f9daf3,Kettil: «Wé höļď öûŕš bý wàļkîñg îţ. Évéŕý ñîghţ. Ñöböďý'š göñé mîššîñg öñ mý çöûñţ. ····················»,Emberdown_Baths_Debate,Baths_Kettil_Debate,15,1ead56b6,
en-XA,line:0d26bc1,Lorne: «Ñöböďý hàš göñé mîššîñg öñ ýöûŕ çöûñţ béçàûšé îţ hàš ñévéŕ bééñ ţéšţéď. Höļļöwvéîñ ţéšţéď îţ. ··························»,Emberdown_Baths_Debate,Baths_Kettil_Debate,16,11dd888a,
en-XA,line:0349905,Runa: «Šîx hûñďŕéď àñď ţwéļvé. Hé'š ŕîghţ. ·········»,Emberdown_Baths_Debate,Baths_Runa_Debate,22,e0dadb01,
en-XA,line:0f066d3,"Runa: «Šîx hûñďŕéď àñď ţwéļvé, Kéţţîļ'š Ŕéšţ, öñé. Ñöw šîñg ţhém. Évéŕý öñé hàš à ñàmé. ····················»",Emberdown_Baths_Debate,Baths_Runa_Debate,23,f112e27b,
en-XA,line:0f562a7,Lorne: «Ţhàţ îš ñöţ höw ñûmbéŕš wöŕk. ········»,Emberdown_Baths_Debate,Baths_Runa_Debate,24,449a40e5,
en-XA,line:0a07011,"Runa: «Îţ'š höw öûŕš wöŕk. Ýöûŕš šţàý ţhé šàmé. Öûŕš gö ûp wîţh évéŕý çhîçk, àñď ďöwñ wîţh évéŕý bûŕîàļ. ·························»",Emberdown_Baths_Debate,Baths_Runa_Debate,25,fac24904,
en-XA,line:0fa6ad1,«Ýöû'ŕé böţh ŕîghţ. Àböûţ ďîfféŕéñţ ţhîñgš. ············»,Emberdown_Baths_Debate,Baths_Runa_Debate,26,093bfe04,
en-XA,line:0f1b3fa,Lorne: «Ţhàţ îš ţhé ļéàšţ šàţîšfýîñg ţhîñg àñýöñé hàš šàîď ţö mé ţhîš ýéàŕ. ··················»,Emberdown_Baths_Debate,Baths_Runa_Debate,27,f10f801b,
en-XA,line:0499ef6,Kettil: «Hà. Méàñš îţ'š ţŕûé. ·····»,Emberdown_Baths_Debate,Baths_Runa_Debate,28,d4031fd3,
en-XA,line:0fc9830,"«Ýöûŕ ñûmbéŕš ñévéŕ mövé, Ļöŕñé. ·········»",Emberdown_Baths_Debate,Baths_Runa_Debate,30,2c636e16,
en-XA,line:05edabc,Lorne: «Àñçhöŕéď öñéš ďö ñöţ. Ţhàţ îš ŕàţhéŕ ţhé pöîñţ. Î bégîñ ţö šéé whý îţ böţhéŕš ýöû. ·····················»,Emberdown_Baths_Debate,Baths_Runa_Debate,31,bbdd32a4,
en-XA,line:07f5e12,«Méŕŕöw'š Éñď ļöšéš à šöñg à šéàšöñ. ·········»,Emberdown_Baths_Debate,Baths_Runa_Debate,33,b78f58d4,
en-XA,line:009df98,Kettil: «Àýé. Àñď îţ ñévéŕ hàď à ŕöļļ-çàļļ. Wé'ļļ šéé îf öñé çàñ bé ţàûghţ. ················»,Emberdown_Baths_Debate,Baths_Runa_Debate,34,700a71a4,
en-XA,line:02ffce4,Runa: «Ţhîŕţý-ñîñé. Föŕţý. Föŕţý-öñé. Höļď öñ. ··········»,Emberdown_Bell_Runa,Bell_Runa_Count,11,bd6b2571,
en-XA,line:087f6ba,"Runa: «Föŕţý-ţwö, šţŕàñgéŕ, öñé. Šţàñď whéŕé Î çàñ çöûñţ ýöû. ··············»",Emberdown_Bell_Runa,Bell_Runa_Count,12,e939ac2d,
en-XA,line:0bd3f62,«Î'm ñöţ šţàýîñg. ····»,Emberdown_Bell_Runa,Bell_Runa_Count,13,d1fcc613,
en-XA,line:096d840,Runa: «Ñöböďý'š šţàýîñg. Wé'ŕé çöûñţéď àñýwàý. Ţhàţ'š ţhé whöļé ţŕîçk öf îţ. ··················»,Emberdown_Bell_Runa,Bell_Runa_Count,14,d83e9989,
en-XA,line:0530008,«Whö ţàûghţ ýöû ţhé šöñg? ·······»,Emberdown_Bell_Runa,Bell_Runa_Count,15,79689a33,
en-XA,line:0c3c636,Runa: «Möţhéŕ. Béföŕé ţhé šmöké. Šhé šàýš ţhé mîñé ţàûghţ héŕ. Wé ďöñ'ţ àšk ţhé mîñé. ····················»,Emberdown_Bell_Runa,Bell_Runa_Count,16,a297e660,
en-XA,line:087376e,«...»,Emberdown_Bell_Runa,Bell_Runa_Count,17,ab5df625,
en-XA,line:089c28d,"Runa: «Qûîéţ öñéš çöûñţ ţöö. Ļöûďéŕ, ñéxţ ţîmé. Wé'ļļ ļéàŕñ ýöû. ···············»",Emberdown_Bell_Runa,Bell_Runa_Count,18,b706272e,
en-XA,line:058b207,"Runa: «Ţhé wàļk göéš ŕöûñď ţhé ţöwñ öñ ţhé béàţ. Évéŕý šţŕééţ à ñàmé, évéŕý ñàmé à šţép. ·····················»",Emberdown_Bell_Runa,Bell_Runa_Count,20,47f7fbd0,
en-XA,line:049c2f2,Runa: «Mîšš ţhŕéé àñď wé šţàŕţ ţhé véŕšé àgàîñ. Ñöböďý'š évéŕ ļöšţ föŕ mîššîñg. Ţhàţ'š ţhé kîñďñéšš îñ îţ. ··························»,Emberdown_Bell_Runa,Bell_Runa_Count,21,9bbafcad,
en-XA,line:03f591d,«Ţéàçh mé. ···»,Emberdown_Bell_Runa,Bell_Runa_Count,22,1545f750,
en-XA,line:0df17f0,"Runa: «Šţàñď öñ ţhé wéļļ-çàp whéñ Î šîñg ""wéļļ"". Wé'ļļ ļéàŕñ ţhé ŕéšţ wàļkîñg. ··················»",Emberdown_Bell_Runa,Bell_Runa_Count,23,2a388cd7,
en-XA,line:08ac58f,«Àñöţhéŕ ñîghţ. ····»,Emberdown_Bell_Runa,Bell_Runa_Count,26,c510c01e,
en-XA,line:023359f,Runa: «Évéŕý ñîghţ'š àñöţhéŕ ñîghţ. Ţhàţ'š whàţ ţhé béļļ îš föŕ. ···············»,Emberdown_Bell_Runa,Bell_Runa_Count,27,8bd508dd,
en-XA,line:0a23e38,"Runa: «Föŕţý-ţwö, Wŕéñ. Šhé'š ñöţ àļwàýš héŕé. Ďöéšñ'ţ màţţéŕ. Ţhàţ'š ţhé pöîñţ. ··················»",Emberdown_Bell_Runa,Bell_Runa_Named,34,35b70d45,
en-XA,line:0ab2143,"Runa: «Ýöû héļď à pļàçé bý wàļkîñg îţ. Ñöw wé höļď ýöû ţhé šàmé wàý. Évéŕý ñîghţ, ýöûŕ ñàmé. ······················»",Emberdown_Bell_Runa,Bell_Runa_Named,35,3c5c239b,
en-XA,line:0f9d542,"Runa: «Föŕţý-ţwö, Wŕéñ. Föŕţý-ţhŕéé, whöévéŕ'š ñéxţ. Wé'ŕé çöûñţîñg ûp àgàîñ. Fîŕšţ ţîmé îñ ýéàŕš. ·······················»",Emberdown_Bell_Runa,Bell_Runa_Named,38,980a125b,
en-XA,line:0fa9c4e,"Runa: «Föŕţý-ţwö, àñď ýöû. Ţhé çöûñţ'š wàŕméŕ wîţh ýöû îñ îţ. ··············»",Emberdown_Bell_Runa,Bell_Runa_Named,41,a83a2640,
en-XA,line:04c6759,"Runa: «Ţhé wàļk'š šţîļļ wàîţîñg föŕ ýöû. Šţàñď öñ ţhé wéļļ-çàp whéñ Î šîñg ""wéļļ"". ···················»",Emberdown_Bell_Runa,Bell_Runa_Named,43,f75bb8c9,
en-XA,line:0c67952,"Ostry: «Fîŕšţ wîñţéŕ'š ţhé hàŕďéšţ, ţhéý šàý. Ñéàŕļý špŕîñg. Ţhéñ Î'm ŕéļîévéď. ···················»",Emberdown_Chimneys_Ostry,Chimneys_Ninth_Agent,8,63607537,
en-XA,line:0125819,Ostry: «Àh. Ýöû'ļļ bé mý ŕéļîéf. Éàŕļý. Î wàš ţöļď à šéàšöñ. ·············»,Emberdown_Chimneys_Ostry,Chimneys_Ninth_Agent,11,439d8c85,
en-XA,line:0eb2242,"Ostry: «Fîŕšţ wîñţéŕ'š ţhé hàŕďéšţ, ţhéý šàý. Ñéàŕļý špŕîñg. ··············»",Emberdown_Chimneys_Ostry,Chimneys_Ninth_Agent,12,e0e679a0,
en-XA,line:03a0c82,«Höw ļöñg hàvé ýöû bééñ ûp héŕé? ········»,Emberdown_Chimneys_Ostry,Chimneys_Ninth_Agent,13,845ec76e,
en-XA,line:05097d7,Ostry: «À šéàšöñ. Šîñçé ţhé àûţûmñ. Ţhé àûţûmñ wàš véŕý ļöñg. Î kéép ţhé ļög. Îţ šàýš ţhé šàmé ţhîñg. ························»,Emberdown_Chimneys_Ostry,Chimneys_Ninth_Agent,14,8e5044da,
en-XA,line:076ab88,«Whö bûîļţ ţhîš çhîmñéý? ·······»,Emberdown_Chimneys_Ostry,Chimneys_Ninth_Agent,15,aa1152d6,
en-XA,line:0239d33,Ostry: «Ţhé Gûîļď. Wéļļ. Šöméböďý šûŕvéýéď îţ. Ţhéñ îţ wàš héŕé. Î wàţçh ţhé öñéš whö wàļk. ·····················»,Emberdown_Chimneys_Ostry,Chimneys_Ninth_Agent,16,8167b464,
en-XA,line:037490e,«...»,Emberdown_Chimneys_Ostry,Chimneys_Ninth_Agent,17,ab5df625,
en-XA,line:0b5e591,Ostry: «Ýöû'ŕé ñöţ mý ŕéļîéf. Ñö. Ñöböďý'š çöwļ îš ţhàţ ďûšţý. ··············»,Emberdown_Chimneys_Ostry,Chimneys_Ninth_Agent,18,63ce335a,
en-XA,line:029f1c4,"Ostry: «Îf ýöû gö ďöwñ, ţéļļ ţhé Öbšéŕvàţöŕý: ñöţhîñg ţö ŕépöŕţ. Šàmé àš évéŕý wéék. ····················»",Emberdown_Chimneys_Ostry,Chimneys_Ninth_Agent,19,740ee6a6,
en-XA,line:01e9ddc,"Runa: «Ţàļöñ, ţàļöñ, bŕéàţhé. Ýöû kñöw îţ ñöw. Ţhé çhîmñéýš wîļļ kñöw ýöû bàçk. ···················»",Emberdown_Chimneys_Runa,Chimneys_Runa_Climb,7,24a44840,
en-XA,line:0b825a1,Runa: «Î ďöñ'ţ çļîmb wîţh šţŕàñgéŕš. Çömé ţö ţhé béļļ àţ ďûšk. Géţ çöûñţéď. Ţhéñ wé'ļļ ţàļk àböûţ wàļļš. ·························»,Emberdown_Chimneys_Runa,Chimneys_Runa_Climb,11,d243be05,
en-XA,line:015a541,Runa: «Ŕöpé'š föŕ mîñéŕš whö'vé föŕgöţţéñ. Wé çļîmb ţhé öļď wàý. Ţàļöñš îñ ţhé šţöñé. ····················»,Emberdown_Chimneys_Runa,Chimneys_Runa_Climb,14,766a28e1,
en-XA,line:0b8e502,"Runa: «Ţàļöñ, ţàļöñ, bŕéàţhé. Ţàļöñ, ţàļöñ, ñàmé. Ţhé çhîmñéý ŕémémbéŕš whö çļîmbéď îţ. ·····················»",Emberdown_Chimneys_Runa,Chimneys_Runa_Climb,15,7a78f0f8,
en-XA,line:05ffa92,«Bîŕďš ûšéď ţö fļý ûp ţhéšé. ·······»,Emberdown_Chimneys_Runa,Chimneys_Runa_Climb,16,818b845c,
en-XA,line:005a063,Runa: «Ţhéý ďîď. Ţhé çhîmñéýš šţîļļ hàvé ţhé šhàpé öf îţ. Wé'ŕé öñļý ŕémémbéŕîñg ţhé hàļf wé çàñ. ························»,Emberdown_Chimneys_Runa,Chimneys_Runa_Climb,17,e233bad0,
en-XA,line:04b2665,«Šhöw mé. ··»,Emberdown_Chimneys_Runa,Chimneys_Runa_Climb,18,5476b8f7,
en-XA,line:072c94f,"Runa: «Gö fîŕšţ. Î šîñg ţhé höļďš, ýöû ţàké ţhém. Ñöböďý fàļļš whîļé Î'm šîñgîñg. ···················»",Emberdown_Chimneys_Runa,Chimneys_Runa_Climb,19,855859fe,
en-XA,line:0c5ea54,«...»,Emberdown_Chimneys_Runa,Chimneys_Runa_Climb,20,ab5df625,
en-XA,line:01afe09,Runa: «Gööď. Šàvé ýöûŕ bŕéàţh. Ýöû'ļļ wàñţ îţ àţ ţhé ñîñţh. ·············»,Emberdown_Chimneys_Runa,Chimneys_Runa_Climb,21,eac155f5,
en-XA,line:042bbb7,Runa: «Ţhéŕé. Ļöök àţ ýöû. Öñ ţhé wàļļ ļîké ýöû wéŕé böŕñ ţö îţ. ··············»,Emberdown_Chimneys_Runa,Chimneys_Runa_Climb,22,ff4c0b51,
en-XA,line:0a06a8e,Runa: «Ñîñé çhîmñéýš ûp ţhéŕé. Öñļý éîghţ öf ţhém àŕé öûŕš. Ñöböďý ŕémémbéŕš bûîļďîñg ţhé ñîñţh. ························»,Emberdown_Chimneys_Runa,Chimneys_Runa_Climb,25,63300eac,
en-XA,line:0f55d73,"Lintel: «Çûţ övéŕ à ŕööšţ ďööŕ, hîgh öñ ţhé çļîff: ""Ļàñď šöfţ. Ļéàvé ļîghţ."" ·················»",Emberdown_Environment,Rest_Lintel,6,0248d4c1,
en-XA,line:07a6f1a,Lintel: «Ţhé ļàďďéŕ ûp ţö îţ îš ñéwéŕ ţhàñ ţhé wöŕďš. Îţš ŕûñgš àŕé wöŕñ ţö ţhé gŕàîñ. ····················»,Emberdown_Environment,Rest_Lintel,7,2f7a0ad3,
en-XA,line:0124395,"Wall: «À çöûñţ föŕ évéŕý ýéàŕ, çûţ îñ ţhé bàšàļţ. Šîx hûñďŕéď àñď föûŕ. Šîx hûñďŕéď àñď ñîñé. ······················»",Emberdown_Environment,Rest_TallyWall,12,ea4fa371,
en-XA,line:039705d,"Wall: «Évéŕý ýéàŕ à ďîfféŕéñţ ñûmbéŕ. Bîŕţhš çûţ ďéép, ďéàţhš çûţ ďéépéŕ. ··················»",Emberdown_Environment,Rest_TallyWall,13,449af937,
en-XA,line:06c4ff3,Wall: «Öñé ýéàŕ ţhé çöûñţ fàļļš bý ţhîŕţý-öñé. Ñöböďý hàš šmööţhéď ţhé šţöñé. ···················»,Emberdown_Environment,Rest_TallyWall,14,e5d90ba4,
en-XA,line:05d1a7b,"Table: «Ţhîŕţý-öñé çûpš bý ţhé böàŕďš, ŕîghţ šîďé ûp, àñď çļéàñ. ···············»",Emberdown_Environment,PitHead_Cups,20,bba90af4,
en-XA,line:0243815,"Table: «Ţhîŕţý-öñé çûpš öñ à ţàbļé bý ţhé böàŕďš, ţûŕñéď ďöwñ. À ñàmé šçŕàţçhéď îñ éàçh öñé'š gļàzé. ························»",Emberdown_Environment,PitHead_Cups,22,2f0184b3,
en-XA,line:0aaf49b,"Stone: «Éîghţ çhîmñéýš çàŕŕý ţhéîŕ bûîļďéŕš' ñàméš, çûţ àţ ţhé fööţ. ················»",Emberdown_Environment,Chimneys_Foot,28,d67bcb7e,
en-XA,line:0ea003a,Stone: «Ţhîš öñé'š šţöñé îš bàŕé. Ţhé šööţ öñ îţ îš fŕéšh. ·············»,Emberdown_Environment,Chimneys_Foot,29,37dcd1d3,
en-XA,line:01e26e4,"Lamps: «À höök föŕ éàçh mîñéŕ, à ļàmp öñ éàçh höök, à ñàmé pļàţé ûñďéŕ éàçh ļàmp. ···················»",Emberdown_Environment,Hollow_Lamps,34,65371b63,
en-XA,line:033831e,"Lamps: «Ţhîŕţý-öñé ļàmpš, ļîţ. Ţhé fàmîļîéš çàmé ďöwñ ţö ļîghţ ţhém. ················»",Emberdown_Environment,Hollow_Lamps,36,318e9fc0,
en-XA,line:0c2481c,Lamps: «Ţhîŕţý-öñé höökš. Ţhîŕţý-öñé pļàţéš. Ñöböďý évéŕ ţöök ţhé ļàmpš ďöwñ. ···················»,Emberdown_Environment,Hollow_Lamps,38,ac32beee,
en-XA,line:01fdcc6,Runa: «Ţhîŕţý-öñé. Ţhîŕţý-öñé. Î šàîď îţ. Î šàîď ţhé ñûmbéŕ. ·············»,Emberdown_Hollowvein_Runa,Hollowvein_Runa_Walk,8,75bdb292,
en-XA,line:0a128eb,Runa: «Évéŕý ñîghţ Î šţöppéď ţhé šöñg béföŕé îţ. Ñöţ ñöw. ·············»,Emberdown_Hollowvein_Runa,Hollowvein_Runa_Walk,9,90225ada,
en-XA,line:088a8ce,"Runa: «Ţhé böàŕďš šţàý. Î'ļļ šţîļļ wàļk îţ àļöñé, šömé ñîghţš. Îţ ďöéšñ'ţ höļď. Î kñöw îţ ďöéšñ'ţ. ·······················»",Emberdown_Hollowvein_Runa,Hollowvein_Runa_Walk,13,c04d1727,
en-XA,line:0f53fe7,Runa: «Ýöû ďöñ'ţ kñöw ţhé wàļk ýéţ. Çömé ţö ţhé béļļ. Ñöböďý göéš ďöwñ ţhéŕé wîţhöûţ ţhé šöñg. ·······················»,Emberdown_Hollowvein_Runa,Hollowvein_Runa_Walk,17,813ec06b,
en-XA,line:0114ee2,"Runa: «Évéŕý ýéàŕ šîñçé, Î'vé wàļkéď ţhé böûñďš öf Höļļöwvéîñ. Àļöñé. Àţ ñîghţ. ···················»",Emberdown_Hollowvein_Runa,Hollowvein_Runa_Walk,20,7fbcc1c4,
en-XA,line:06a9d18,Runa: «Îţ ñévéŕ héļď. Ýöû çàñ'ţ höļď à pļàçé bý ýöûŕšéļf. Î'm àškîñg. Fîŕšţ ţîmé. ···················»,Emberdown_Hollowvein_Runa,Hollowvein_Runa_Walk,21,78ef2566,
en-XA,line:07d3a71,Runa: «Ţhîŕţý-öñé ñàméš. Wé'ļļ ļéàŕñ ţhé ŕéšţ wàļkîñg. ·············»,Emberdown_Hollowvein_Runa,Hollowvein_Runa_Walk,22,36a5bee1,
en-XA,line:0582c99,«Ţhéñ wé wàļk îţ ďöwñ. ······»,Emberdown_Hollowvein_Runa,Hollowvein_Runa_Walk,23,317e6b3c,
en-XA,line:04692b6,"Runa: «Föûŕ véŕšéš. Šîx ñàméš à véŕšé. Öñ ţhé föûŕţh, šöméţhîñg wàkéš. Kéép ţhé béàţ àñýwàý. ······················»",Emberdown_Hollowvein_Runa,Hollowvein_Runa_Walk,24,f2f33a42,
en-XA,line:04fc9b3,"«Ļéàvé ţhém bûŕîéď, Ŕûñà. ·······»",Emberdown_Hollowvein_Runa,Hollowvein_Runa_Walk,28,4251f807,
en-XA,line:001fbe1,Runa: «Àýé. Àýé. Î'ļļ ţéļļ ţhé fàmîļîéš. Ţhéý'ļļ çöûñţ ýöû àñýwàý. Ţhàţ'š whàţ wé ďö. ···················»,Emberdown_Hollowvein_Runa,Hollowvein_Runa_Walk,29,56aa3025,
en-XA,line:0127363,«...»,Emberdown_Hollowvein_Runa,Hollowvein_Runa_Walk,32,ab5df625,
en-XA,line:0b8e4c0,Runa: «Ţàké ýöûŕ ţîmé. Ţhéý'vé wàîţéď ţwéñţý ýéàŕš. Ţhéý'ŕé pàţîéñţ. Î'm ñöţ. Hà. ···················»,Emberdown_Hollowvein_Runa,Hollowvein_Runa_Walk,33,1e5cc31c,
en-XA,line:0f7877f,Runa: «Ţhîŕţý-öñé. ···»,Emberdown_Hollowvein_Runa,Hollowvein_Runa_After,38,a363151a,
en-XA,line:044daa1,Runa: «Ţhîŕţý-öñé çàmé ûp. Î šàîď îţ. Ţhé fàmîļîéš hàvé ţhém ñöw. ···············»,Emberdown_Hollowvein_Runa,Hollowvein_Runa_After,39,7d4da693,
en-XA,line:04dea37,"Runa: «Àñď ţhéŕé'š à šţöñé ďöwñ ţhéŕé ţhàţ hûmš. Îţ'š ýöûŕš, îf ýöû wàñţ îţ. Wé ďöñ'ţ. ···················»",Emberdown_Hollowvein_Runa,Hollowvein_Runa_After,40,c375a4fb,
en-XA,line:06ca78b,"Runa: «Ţhéŕé. Ţhé whîţé. Wé çöûñţéď îţ, öñçé. Wîďéŕ bý à wîñgšpàñ à ýéàŕ. ·················»",Emberdown_Overlook_Runa,Overlook_Runa,5,5be92184,
en-XA,line:0202cb8,Runa: «Ţhéñ wé šţöppéď çöûñţîñg. Ţhéñ Möţhéŕ šţàŕţéď àgàîñ. ···············»,Emberdown_Overlook_Runa,Overlook_Runa,6,0ab9b2d9,
en-XA,line:02f62d4,«Îţ'š bîggéŕ ţhàñ îţ ļöökš fŕöm ţhé Éďgé. ···········»,Emberdown_Overlook_Runa,Overlook_Runa,7,dbb7bbdf,
en-XA,line:08c7d28,"Runa: «Évéŕýţhîñg îš, fŕöm îñšîďé. Ţhàţ'š whý wé çöûñţ fŕöm öûţ héŕé. ················»",Emberdown_Overlook_Runa,Overlook_Runa,8,88f51d5d,
en-XA,line:0d151dd,«Šöméböďý Î kñöw wàļkéď îñţö îţ. ·········»,Emberdown_Overlook_Runa,Overlook_Runa,9,a9c7cf91,
en-XA,line:05fd0c8,Runa: «Ţhéñ šàý ţhéîŕ ñàmé àţ ţhé béļļ ţöñîghţ. Wé'ļļ höļď îţ föŕ ýöû ţîļļ ýöû'ŕé bàçk. ·····················»,Emberdown_Overlook_Runa,Overlook_Runa,10,c44a0f6b,
en-XA,line:03a142b,«...»,Emberdown_Overlook_Runa,Overlook_Runa,11,ab5df625,
en-XA,line:0919d51,"Runa: «Î kñöw. Ñöböďý šàýš àñýţhîñg, ţhé fîŕšţ ţîmé. ············»",Emberdown_Overlook_Runa,Overlook_Runa,12,d8441a85,
en-XA,line:029b3dc,"Runa: «Ţhé ŕöàď ďöwñ göéš ţö ţhé bŕîďgéš. Hàļďéñ. Wé ďöñ'ţ gö. Ţhé bŕîďgéš çöûñţ ţöļļš, ñöţ bîŕďš. ·······················»",Emberdown_Overlook_Runa,Overlook_Runa,13,f41cd2e9,
en-XA,line:02632ee,"Kettil: «Ţhé çŕàñé'š göñé ďöwñ ţhé šţàîŕ. Çöûñţéď hîm öûţ mýšéļf. Öñé, göñé. ·················»",Emberdown_Rest_Kettil,Rest_Kettil,12,722ec2b9,
en-XA,line:02acafc,"Kettil: «Ţhé fûŕñàçé îš çöļď föŕ gööď. À ţöwñ ţhàţ çàñ'ţ bé àñçhöŕéď bý föŕçé. Ŕémémbéŕ ţhàţ, Wŕéñ. ·······················»",Emberdown_Rest_Kettil,Rest_Kettil,13,df3175a9,
en-XA,line:01d953c,"Kettil: «Ţhîŕţý-öñé çàmé ûp. Wé bûŕîéď ţhém îñ ďàýļîghţ. Î çöûñţéď évéŕý öñé, àñď Î'ļļ çöûñţ ţhém àgàîñ ţöñîghţ. ···························»",Emberdown_Rest_Kettil,Rest_Kettil,17,cfc9f65b,
en-XA,line:05717d3,Kettil: «Ţhé böàŕďš šţàý öñ. Šömé wéîghţš ýöû çàŕŕý bý ļéàvîñg ţhém whéŕé ţhéý féļļ. ····················»,Emberdown_Rest_Kettil,Rest_Kettil,19,59a17086,
en-XA,line:03857f4,Kettil: «Šîx hûñďŕéď àñď éļévéñ àţ šûppéŕ. Šîx hûñďŕéď àñď ţwéļvé wîţh ýöû. Éàţ šöméţhîñg. ······················»,Emberdown_Rest_Kettil,Rest_Kettil,23,d509727a,
en-XA,line:033eaed,«Whö šîñgš ţhé ŕöļļ-çàļļ? ·······»,Emberdown_Rest_Kettil,Rest_Kettil,25,e55fc16b,
en-XA,line:0df9e44,Kettil: «Ŕûñà. Mý vöîçé wéñţ îñ ţhé šmöké. Héŕš çàmé öûţ öf îţ ļöûďéŕ. Ûp ţhé béļļ šţàîŕ. ····················»,Emberdown_Rest_Kettil,Rest_Kettil,26,309d6b70,
en-XA,line:009aba2,«Whàţ'š ûñďéŕ ţhé böàŕďš àţ ţhé pîţ-héàď? ···········»,Emberdown_Rest_Kettil,Rest_Kettil,27,1686b006,
en-XA,line:0260ec3,Kettil: «Höļļöwvéîñ. Ţhîŕţý-öñé öf öûŕš. Àšk mé àgàîñ whéñ ýöû'vé héàŕď ţhé bàţhš àŕgûé. ·····················»,Emberdown_Rest_Kettil,Rest_Kettil,28,71346a8c,
en-XA,line:0f27b53,«Ñöţhîñg ţöďàý. ····»,Emberdown_Rest_Kettil,Rest_Kettil,29,4dbad6a1,
en-XA,line:049f956,Kettil: «Ţhéñ gö àñď bé çöûñţéď šöméwhéŕé éļšé. Hà. ···········»,Emberdown_Rest_Kettil,Rest_Kettil,30,d9c41ef7,
en-XA,line:0b163b4,"Kettil: «Hàļţ àţ ţhé gàţé. Öñé, ţwö, àñď à šţŕàñgéŕ. Ýöû'ŕé ţhé šţŕàñgéŕ. ················»",Emberdown_Rest_Kettil,Rest_Kettil_First,35,10b7a3f1,
en-XA,line:05b57ef,"Kettil: «À šţŕàñgéŕ îš à bîŕď ñöböďý ŕémémbéŕš. Héŕé, ţhàţ'š ďàñgéŕöûš. Föŕ ýöû, möšţļý. ·····················»",Emberdown_Rest_Kettil,Rest_Kettil_First,36,326b2d62,
en-XA,line:0655ca5,"Kettil: «Àñď à çöwļ. À Gûîļď çöwļ. Šhé špîţš. Ûñļîçéñšéď, ţhé ŕééďš šàý. Béţţéŕ. Šļîghţļý. ·····················»",Emberdown_Rest_Kettil,Rest_Kettil_First,38,c0715313,
en-XA,line:0b9001b,Kettil: «Àñď à çöwļ. À Gûîļď çöwļ. Šhé špîţš. Šàý ýöû'ŕé ñöţ héŕé ţö šûŕvéý ûš. ·················»,Emberdown_Rest_Kettil,Rest_Kettil_First,40,758f6898,
en-XA,line:05fd783,"Kettil: «Ûp ţhé šţàîŕ àñď ñö wîñgš ţö špéàk öf. Hà! Î'ļļ çöûñţ ýöû ţwîçé, ţhéñ. ·················»",Emberdown_Rest_Kettil,Rest_Kettil_First,43,256312d0,
en-XA,line:0ba0e9c,«Î'm héŕé ţö gö hömé. Hàļďéñ. ·······»,Emberdown_Rest_Kettil,Rest_Kettil_First,45,3d310d94,
en-XA,line:05db8f8,Kettil: «Ûp ţhé çhîmñéýš àñď övéŕ ţhé ŕîďgé. Ŕûñà çàñ ţéàçh ýöû ţhé wàļļ. Îf šhé ļîkéš ýöû. ·····················»,Emberdown_Rest_Kettil,Rest_Kettil_First,46,70912459,
en-XA,line:0e35f0e,«Ţhé màp šéñţ mé. ····»,Emberdown_Rest_Kettil,Rest_Kettil_First,47,a44ab53b,
en-XA,line:0ced428,Kettil: «Màpš ďöñ'ţ šéñď. Bîŕďš wîţh màpš šéñď. Wé kñöw whîçh öñéš. ···············»,Emberdown_Rest_Kettil,Rest_Kettil_First,48,fc6241ac,
en-XA,line:0b629bf,«...»,Emberdown_Rest_Kettil,Rest_Kettil_First,49,ab5df625,
en-XA,line:00331dd,Kettil: «Qûîéţ. Gööď. Ţhé qûîéţ öñéš géţ çöûñţéď ļàšţ àñď ŕémémbéŕéď ļöñgéšţ. ···················»,Emberdown_Rest_Kettil,Rest_Kettil_First,50,f882a556,
en-XA,line:0000041,"Kettil: «Šûppéŕ'š àţ ďûšk. Ŕöļļ-çàļļ àfţéŕ, àţ ţhé béļļ. Bé ţhéŕé àñď ýöû'ŕé öñé öf ţhé çöûñţ. ·····················»",Emberdown_Rest_Kettil,Rest_Kettil_First,51,2ee4af58,
en-XA,line:0687313,Kettil: «Ýöû héàŕď ţhé bàţhš. Ýöû kñöw ţhé ñûmbéŕš. Àñď ţhé ŕééďš šàý ýöû kñöw ţhé wàļk. ·····················»,Emberdown_Rest_Kettil,Rest_Kettil_Hollowvein,57,a77e2a6e,
en-XA,line:0c0c5c2,Kettil: «Ţhîŕţý-öñé ûñďéŕ ţhé pîţ-héàď. Bûŕîéď šţàñďîñg. Ţhé fàmîļîéš wàñţ ţhém ûp. ····················»,Emberdown_Rest_Kettil,Rest_Kettil_Hollowvein,58,315edbeb,
en-XA,line:0fd3c2d,Kettil: «Î képţ ţhé böàŕďš öñ béçàûšé whàţ'š ďöwñ ţhéŕé bŕöké ţhé mîñé. ·················»,Emberdown_Rest_Kettil,Rest_Kettil_Hollowvein,59,ec8788df,
en-XA,line:00621c3,«Ţhéñ ļéţ'š bŕîñg ţhém ûp. ·······»,Emberdown_Rest_Kettil,Rest_Kettil_Hollowvein,60,258f58ac,
en-XA,line:0a5bd9c,Kettil: «Ŕûñà ļéàďš. Ýöû föļļöw héŕ çöûñţ. Mîšš à ñàmé àñď ýöû šţàŕţ ţhé véŕšé àgàîñ. ····················»,Emberdown_Rest_Kettil,Rest_Kettil_Hollowvein,61,9902f635,
en-XA,line:0eb9b34,"«Whàţ bŕöké ţhé mîñé, Kéţţîļ? ········»",Emberdown_Rest_Kettil,Rest_Kettil_Hollowvein,63,5b6fcfa0,
en-XA,line:0b63e8f,"Kettil: «À šţöñé ţhàţ wöûļďñ'ţ šţàý šţîļļ. Îţ hûmš. Àšk îţ ýöûŕšéļf, àţ ţhé böţţöm. ···················»",Emberdown_Rest_Kettil,Rest_Kettil_Hollowvein,64,75a326ad,
en-XA,line:0cf18b1,«Ļéàvé ţhé böàŕďš whéŕé ţhéý àŕé. ·········»,Emberdown_Rest_Kettil,Rest_Kettil_Hollowvein,66,dbf0f445,
en-XA,line:0c00bfd,"Kettil: «Àýé. Ţhàţ'š à çöûñţ ţöö. Î'ļļ ţéļļ ţhé fàmîļîéš ýöû šàîď îţ, ñöţ mé. ·················»",Emberdown_Rest_Kettil,Rest_Kettil_Hollowvein,67,85b08eb7,
en-XA,line:06714c0,Kettil: «Ţhé pîţ-héàď. Ŕûñà wîļļ bé ţhéŕé béföŕé ýöû. ············»,Emberdown_Rest_Kettil,Rest_Kettil_Hollowvein,68,b5819862,
en-XA,line:0f70b7c,"Brann: «Jöûŕñéýmàñ. Ýöû çàmé ûp ţhé šţàîŕ. Šö wîļļ ţhé àñçhöŕîñg çŕéw, bý ďûšk. ···················»",Emberdown_Stair_Brann,Stair_Brann,10,4d368cce,
en-XA,line:0cb8c0a,Brann: «Kéţţîļ'š Ŕéšţ îš šçhéďûļéď. Föûŕţééñ šţŕééţš. Ţhé šûŕvéý îš àļŕéàďý wŕîţţéñ. Î öñļý ñééď ţö šéàļ îţ. ···························»,Emberdown_Stair_Brann,Stair_Brann,11,57013a06,
en-XA,line:0eb1bf4,«Ţhéý ďîďñ'ţ àšk föŕ îţ. ······»,Emberdown_Stair_Brann,Stair_Brann,12,fe856564,
en-XA,line:03fd21b,Brann: «Méŕŕöw'š Éñď ďîďñ'ţ àšk éîţhéŕ. Àšk îţ ñöw whàţ îţ wîšhéš îţ hàď àškéď föŕ. ···················»,Emberdown_Stair_Brann,Stair_Brann,13,1bbc1215,
en-XA,line:05fa535,«Ļéţ ţhém höļď îţ ţhémšéļvéš. ········»,Emberdown_Stair_Brann,Stair_Brann,14,82049347,
en-XA,line:00114c5,Brann: «Wîţh à šöñg. Föŕ höw ļöñg? Ûñţîļ öñé vöîçé göéš? Î hàvé šééñ ţhàţ hàppéñ. ···················»,Emberdown_Stair_Brann,Stair_Brann,15,501550da,
en-XA,line:00e3ac2,«...»,Emberdown_Stair_Brann,Stair_Brann,16,ab5df625,
en-XA,line:01bdec6,"Brann: «Î'ļļ ţàké ţhàţ àš à ñö. Ţhéý àļļ šàý ñö, àţ fîŕšţ. Ţhéñ ţhéý ţhàñk ûš. Möšţļý. ···················»",Emberdown_Stair_Brann,Stair_Brann,17,d4e94e21,
en-XA,line:0225d9d,"Brann: «Šţàñď àšîďé, öŕ šţàñď îñ ţhé fûŕñàçé. Îţ çööļš éîţhéŕ wàý. ···············»",Emberdown_Stair_Brann,Stair_Brann,18,d5f448ae,
en-XA,line:008c7c0,Hask: «Ýöû pûļļéď mé öff ţhé ļàñďîñg. Ñöböďý pûļļš àñýöñé öff ţhé ļàñďîñg. Ţhé ļàñďîñg ţàkéš ýöû. ························»,Emberdown_Stair_Brann,Stair_Rescue,24,0d12bb7d,
en-XA,line:092d5fd,Hask: «Šţàîŕ çŕéw çöûñţš ñîñé. Ýöû màďé îţ ñîñé àgàîñ. Kéţţîļ wîļļ wàñţ ýöûŕ ñàmé. ····················»,Emberdown_Stair_Brann,Stair_Rescue,25,68ba46fa,
en-XA,line:0050c2b,«Wŕéñ. ··»,Emberdown_Stair_Brann,Stair_Rescue,26,71bc9339,
en-XA,line:0fae14a,Hask: «Wŕéñ. Î'ļļ ţéļļ héŕ. Ñîñé àñď Wŕéñ. ·········»,Emberdown_Stair_Brann,Stair_Rescue,27,cbb8b49f,
en-XA,line:09c8683,«Ţhé ļàñďîñg'š ŕöţţéñ. Šöméöñé šhöûļď fîx îţ. ············»,Emberdown_Stair_Brann,Stair_Rescue,28,e63b4f23,
en-XA,line:0114f9b,Hask: «Šöméöñé šhöûļď. Ţhé Gûîļď šàîď ţhéý'ď šéñď šöméöñé. Ţhàţ wàš béföŕé Î hàţçhéď. ·····················»,Emberdown_Stair_Brann,Stair_Rescue,29,845efa65,
en-XA,line:0bad013,«...»,Emberdown_Stair_Brann,Stair_Rescue,30,ab5df625,
en-XA,line:07662b9,Hask: «Qûîéţ. Àýé. Ñöböďý ţàļkš öñ ţhé šţàîŕ. Šàvéš bŕéàţh föŕ ţhé ñéxţ šţép. ··················»,Emberdown_Stair_Brann,Stair_Rescue,31,df549e0a,
en-XA,line:0d26e8b,Pell: «Î šîţ ţhé éxàm ñéxţ špŕîñg. Î kñöw. Îţ'š àļwàýš ñéxţ špŕîñg. Î šîţ îţ àñýwàý. ···················»,Epilogue_Walk,Epilogue_Pell,9,339ed2af,
en-XA,line:07398e5,Pell: «Î'm ļéàvîñg ţhé Pļàţéàû. Ţömöŕŕöw. Î'vé pàçkéď fîvé ţhîñgš. Ţhŕéé. Öñé. ··················»,Epilogue_Walk,Epilogue_Pell,11,72839b7e,
en-XA,line:07c71ba,"Pell: «Whîçh, ţéçhñîçàļļý, méàñš Î'm ŕéàďý. ··········»",Epilogue_Walk,Epilogue_Pell,12,4ddd2f5d,
en-XA,line:06b4003,"Pell: «Î kéép ţhé Hàļļ'š ļéďgéŕ bý hàñď ñöw. Évéŕý pļàçé, évéŕý ďàý. Šöméböďý šhöûļď wŕîţé ďöwñ whàţ'š šţîļļ héŕé. ····························»",Epilogue_Walk,Epilogue_Pell,14,a6db379b,
en-XA,line:0db7392,Isolde: «Àgàîñ. Šļöwéŕ. Ļéţ ţhé péñ fîñď ţhé ļîñé; ďöñ'ţ pûšh îţ. ··············»,Epilogue_Walk,Epilogue_Pell,16,49c2887d,
en-XA,line:02681ff,"Hall: «Öñ ţhé ďéšk, öpéñ, àñ àţļàš îñ à jöûŕñéýmàñ'š hàñď. ·············»",Epilogue_Walk,Epilogue_Pell,17,5f70fa74,
en-XA,line:02632ac,Pell: «Šhé'š à gööď ţéàçhéŕ. Šhé kéépš ļöökîñg àţ ţhé ďööŕ. ··············»,Epilogue_Walk,Epilogue_Pell,18,4394809b,
en-XA,line:0c257e9,Pell: «Ñöţhîñg'š hàppéñéď ýéţ. Î'ď kñöw. Î wŕîţé évéŕýţhîñg ďöwñ. ···············»,Epilogue_Walk,Epilogue_Pell,20,06fd7125,
en-XA,line:05ccf79,Sable: «Pŕîçéš àŕé ţhé šàmé. ······»,Epilogue_Walk,Epilogue_Sable,27,b3fc4edc,
en-XA,line:059dba5,Sable: «Pŕîçéš wéñţ ûp. Gööď. Ţhîñgš ďö. ········»,Epilogue_Walk,Epilogue_Sable,29,f340c3fb,
en-XA,line:0323630,Sable: «Öñé. Ţwö. Ţhŕéé böàţš bàçk. Î'm çöûñţîñg àgàîñ. Öûţ ļöûď. Ďöñ'ţ ţéļļ àñýöñé. ···················»,Epilogue_Walk,Epilogue_Sable,31,982064fb,
en-XA,line:08e2d51,"Sable: «Böàţ'š îñ. Ýöû'ŕé éàŕļý, öŕ Î'm ļàţé. Ñéîţhéŕ'š fŕéé. ·············»",Epilogue_Walk,Epilogue_Sable,33,bd8851f7,
en-XA,line:0f4030f,"Runa: «Föŕţý-ţwö. Föŕţý-ţwö, Wŕéñ. Föŕţý-ţwö. ··········»",Epilogue_Walk,Epilogue_Runa,40,8fe55c0a,
en-XA,line:0536d13,"Runa: «Föŕţý-ţhŕéé! Ţhàţ'š héŕ, fŕöm Méŕŕöw'š Éñď. Î'm ţéàçhîñg héŕ ţhé wàļk. Šhé'š ţéŕŕîbļé. Wé'ļļ ļéàŕñ îţ wàļkîñg. ····························»",Epilogue_Walk,Epilogue_Runa,42,5540d206,
en-XA,line:056f611,Runa: «Ţhîŕţý-ñîñé. Wé wéŕé föŕţý-ţwö. Ţhîŕţý-ñîñé. Î kéép çöûñţîñg. Ţhàţ'š ţhé pöîñţ. ····················»,Epilogue_Walk,Epilogue_Runa,44,293d4220,
en-XA,line:0326f55,"Runa: «Föŕţý-ţwö, Wŕéñ. Šţàñď whéŕé Î çàñ çöûñţ ýöû. ············»",Epilogue_Walk,Epilogue_Runa,46,d53d7eb0,
en-XA,line:0e2e496,"Teodor: «Àļďéŕméŕé wàš. Ţhé éļévéñ wéŕé. Î šàý îţ ţhàţ wàý ñöw. Îţ îš éàšîéŕ, àñď îţ îš wöŕšé. ·····················»",Epilogue_Walk,Epilogue_Teodor,53,b92f3c4a,
en-XA,line:0ba5837,Teodor: «Ţhé Höûšé ţéàçhéš ţhé ţhŕéàď ñöw. Ţö Gûîļď jöûŕñéýméñ. Ţhéý àŕé ţéŕŕîbļé àţ îţ. Ţhéý àŕé ļéàŕñîñg. ··························»,Epilogue_Walk,Epilogue_Teodor,55,d9535055,
en-XA,line:08fcbe5,"Teodor: «Î wàļk Àļďéŕméŕé'š böûñďš évéŕý évéñîñg, àļöñé. Àñď îţ höļďš, çàŕţögŕàphéŕ. Îţ höļďš. ·······················»",Epilogue_Walk,Epilogue_Teodor,57,f2fa7595,
en-XA,line:07a40b0,"Teodor: «Šîţ, çàŕţögŕàphéŕ. Ţhé Höûšé îš qûîéţ föŕ ţhàţ ŕéàšöñ, àñď ñö öţhéŕ. ··················»",Epilogue_Walk,Epilogue_Teodor,59,92de77d4,
en-XA,line:0792e00,Ilse: «Ţhé šàmé bŕéàď. Ţhé šàmé šûñšéţ. Évéŕý évéñîñg. ·············»,Epilogue_Walk,Epilogue_Marrow,66,930b437d,
en-XA,line:05a6967,"Hollow: «Ţhé gŕéý çhîçk îš gŕéý ñö ļöñgéŕ. Îţ îš bŕîghţ, àñď béàûţîfûļ. ················»",Epilogue_Walk,Epilogue_Marrow,67,89c97e53,
en-XA,line:05ca432,Marrow: «Šàmé. ··»,Epilogue_Walk,Epilogue_Marrow,68,5e77a903,
en-XA,line:0d5244b,"Hollow: «Ţhé Höļļöw îñ çöļöûŕ, šļöwļý, gŕéý šţîļļ àţ ţhé éďgéš. ··············»",Epilogue_Walk,Epilogue_Marrow,70,534be9c8,
en-XA,line:0b2f562,Hollow: «Ţhé çhîçk ļàûghš. ·····»,Epilogue_Walk,Epilogue_Marrow,71,20178847,
en-XA,line:093cc21,Marrow: «Škýwàļk. ···»,Epilogue_Walk,Epilogue_Marrow,72,45a56b0d,
en-XA,line:0fa6a1c,"Hollow: «Ţhé çhîçk fàďéš, géñţļý, höļďîñg Wŕéñ'š wîñg. Îţ îš ñöţ àfŕàîď. ················»",Epilogue_Walk,Epilogue_Marrow,75,300eb8d8,
en-XA,line:06d2a44,Marrow: «Ļöök. ··»,Epilogue_Walk,Epilogue_Marrow,76,abdaa6f0,
en-XA,line:06366e7,"Hollow: «Ţhé Höļļöw, gŕéý. Ñö çhîçk àţ ţhé éďgé öf ţhé vîļļàgé. ··············»",Epilogue_Walk,Epilogue_Marrow,79,d017aeff,
en-XA,line:0c5e477,"Atlas: «Îñ Wŕéñ'š hàñď, ţhé ļàšţ pàgé: évéŕýöñé Î çöûļď, çàŕŕîéď öûţ. ················»",Epilogue_Walk,Epilogue_Marrow,82,53e69c7c,
en-XA,line:060b5aa,"Atlas: «Îñ Wŕéñ'š hàñď, ţhé ļàšţ pàgé, ļéfţ bļàñk. Öñ pûŕpöšé. ··············»",Epilogue_Walk,Epilogue_Marrow,84,452f5b75,
en-XA,line:0f4d228,"Atlas: «Îñ Wŕéñ'š hàñď, ţhé ļàšţ pàgé: évéŕýţhîñg Î šàw, ďŕàwñ ţŕûé. ···············»",Epilogue_Walk,Epilogue_Marrow,86,45e148a8,
en-XA,line:0eaed88,"Ledger: «À Gûîļď ļéďgéŕ, föŕţý-öñé ýéàŕš ûñpöšţéď. Ţhé ļàšţ éñţŕý ŕéàďš ""Šûŕvéý ţhé Ţhŕéšhöļď."" Ûñšîgñéď. ··························»",Greyfold_EdgeCamp_Notice,EdgeCamp_Notice,8,27eac040,
en-XA,line:075387b,Notice: «Bý öŕďéŕ öf ţhé Gûîļďmàšţéŕ. Ţhé Ţhŕéšhöļď îš çļöšéď. ···············»,Greyfold_EdgeCamp_Notice,EdgeCamp_Notice,12,8a25faf4,
en-XA,line:0e3d003,Notice: «Bý öŕďéŕ öf ţhé Gûîļďmàšţéŕ. Ţhé Ţhŕéšhöļď îš çļöšéď fŕöm ţöďàý. ··················»,Greyfold_EdgeCamp_Notice,EdgeCamp_Notice,15,42f95fc7,
en-XA,line:05b7fcc,Notice: «Ţhé Gûîļď éñţéŕš îţ àţ ďàwñ. Jöûŕñéýméñ wîļļ šţàñď àţ ţhé ļîñé. À. Vöšš. ···················»,Greyfold_EdgeCamp_Notice,EdgeCamp_Notice,16,5b038330,
en-XA,line:0439a43,"Notice: «Ûñďéŕñéàţh, îñ à šmàļļéŕ hàñď: Î'ļļ bé ţhéŕé àfţéŕ. Ďöñ'ţ wàîţ. P. ················»",Greyfold_EdgeCamp_Notice,EdgeCamp_Notice,18,3b4cfd04,
en-XA,line:0fbd4bd,«Hé'š göîñg îñ hîmšéļf? ······»,Greyfold_EdgeCamp_Notice,EdgeCamp_Notice,20,f5911f46,
en-XA,line:01b97e9,«Ţhéñ Î'ļļ bé àţ ţhé ļîñé. ······»,Greyfold_EdgeCamp_Notice,EdgeCamp_Notice,22,075226ae,
en-XA,line:0a50a0b,«...»,Greyfold_EdgeCamp_Notice,EdgeCamp_Notice,24,ab5df625,
en-XA,line:03c4c18,"Beam: «Îñîţîàļš çûţ îñ ţhé pöšţ: Î. M. Ûñďéŕ ţhém, šmàļļéŕ, ñéwéŕ: à wŕéñ, îñ föûŕ ļîñéš. ····················»",Greyfold_Environment,EdgeCamp_Beam,6,0607ce0c,
en-XA,line:0ec6e06,"Milepost: «ŢHÉ ÇÀPÎŢÀĻ, 2. ····»",Greyfold_Environment,Road_Mileposts,11,6ea5c2d8,
en-XA,line:026281e,"Milepost: «Ţhé ñéxţ öñé šàýš 1. Ţhé öñé àfţéŕ îš bļàñk, àñď šö îš ţhé ŕöàď. ················»",Greyfold_Environment,Road_Mileposts,12,6142acc0,
en-XA,line:0c4e947,"Pages: «Évéŕý pļàçé Î wàļkéď, ďŕàwñ. Ďöñ'ţ àñçhöŕ whàţ Î'vé ďŕàwñ. Ýöû kñöw whý ñöw. ···················»",Greyfold_LastCamp_Isolde,LastCamp_Isolde,9,1d7e90e7,
en-XA,line:07d7a31,Pages: «Jöûŕñéýmàñ. Ýöû çŕöššéď. Î kñéw ýöû çöûļď. Î ďîďñ'ţ kñöw îf ýöû wöûļď. ··················»,Greyfold_LastCamp_Isolde,LastCamp_Isolde,12,58d2696b,
en-XA,line:002d5bc,"Pages: «Ţhé Vàûļţ'š šîxţh šļöţ. Î ţöök îţ. Vöšš ļéţ mé, öŕ ďîďñ'ţ ļöök. Î ñévéŕ ďéçîďéď whîçh. ·····················»",Greyfold_LastCamp_Isolde,LastCamp_Isolde,13,5123aad0,
en-XA,line:0a73920,Pages: «Îţ'š Çöŕvîñ'š šţöñé. Î'm ţàkîñg îţ bàçk ţö hîm. Àñď Î'm fîñďîñg Îļšé. ·················»,Greyfold_LastCamp_Isolde,LastCamp_Isolde,14,298f8bcf,
en-XA,line:0dc0492,Pages: «Îļšé šhöûļď kñöw ýöû'ŕé àļîvé. Šhé'ļļ ţéļļ ýöû whý ţhàţ màţţéŕš. Î wöñ'ţ. Îţ'š héŕš. ·····················»,Greyfold_LastCamp_Isolde,LastCamp_Isolde,15,3edc8a91,
en-XA,line:08db174,Pages: «Ñö ţéţhéŕ. Î ďîďñ'ţ wàñţ öñé. Î ţhöûghţ ýöû'ď föļļöw. Héŕé ýöû àŕé. ·················»,Greyfold_LastCamp_Isolde,LastCamp_Isolde,16,fd91b535,
en-XA,line:02e5a8e,Pages: «Ţhé Gûîļď wîļļ šàý Î'm ďéàď. Ţhéý'ļļ šàý îţ qûîçkļý. Àšk ýöûŕšéļf whý šö qûîçkļý. ·····················»,Greyfold_LastCamp_Isolde,LastCamp_Isolde,17,20d2cfc8,
en-XA,line:0b55aad,Pages: «Ţhîš îš ţhé whöļé àţļàš. Évéŕý pļàçé Î wàļkéď. Ţàké îţ. Éàšţ îš ţhé Ļàñţéŕñ. ····················»,Greyfold_LastCamp_Isolde,LastCamp_Isolde,18,8ba331b3,
en-XA,line:03bdfeb,«Šhé šţöļé îţ. Föŕ hîm. ······»,Greyfold_LastCamp_Isolde,LastCamp_Isolde,19,b50f5e55,
en-XA,line:0d29cd6,"«Î'm çömîñg, Îšöļďé. ·····»",Greyfold_LastCamp_Isolde,LastCamp_Isolde,21,d90dfda9,
en-XA,line:017fcb4,«...»,Greyfold_LastCamp_Isolde,LastCamp_Isolde,23,ab5df625,
en-XA,line:0e22e4b,"Pool: «Öñļý Wŕéñ îñ ţhé wàţéŕ ñöw, îñ çöļöûŕ. ··········»",Greyfold_Pool_Marrow,MirrorPool_Marrow,8,988d59c0,
en-XA,line:08183b6,"Pool: «Wàţéŕ fļàţ àš pàpéŕ. Wŕéñ îñ îţ, îñ çöļöûŕ. ···········»",Greyfold_Pool_Marrow,MirrorPool_Marrow,11,5371dac4,
en-XA,line:0408f62,"Pool: «Béhîñď héŕ, îñ ţhé wàţéŕ, à gŕéý çhîçk. Öñ ţhé bàñk béhîñď héŕ, ñöţhîñg. ··················»",Greyfold_Pool_Marrow,MirrorPool_Marrow,12,2ce8c1bb,
en-XA,line:0fd34b9,«Whö'š ţhéŕé? ···»,Greyfold_Pool_Marrow,MirrorPool_Marrow,13,4359ca4e,
en-XA,line:0780524,Marrow: «Whö'š ţhéŕé? ···»,Greyfold_Pool_Marrow,MirrorPool_Marrow,14,c4505f69,
en-XA,line:016f4b3,«Ýöû'ŕé ñöţ öñ ţhé bàñk. ······»,Greyfold_Pool_Marrow,MirrorPool_Marrow,16,143db1c1,
en-XA,line:0a74d6f,Marrow: «Ñöţ öñ ţhé bàñk. ····»,Greyfold_Pool_Marrow,MirrorPool_Marrow,17,fff8cbab,
en-XA,line:0b84aa0,«...»,Greyfold_Pool_Marrow,MirrorPool_Marrow,19,ab5df625,
en-XA,line:047a771,Marrow: «...»,Greyfold_Pool_Marrow,MirrorPool_Marrow,20,ae6a4e0b,
en-XA,line:02c17e2,Pool: «À ŕîppļé. Ţhé çhîçk îš göñé. Ţhé wàţéŕ šhöwš öñļý héŕ. ··············»,Greyfold_Pool_Marrow,MirrorPool_Marrow,22,810c4806,
en-XA,line:0b90868,Voss: «Jöûŕñéýmàñ. Ţhé ļîñé höļďš. Gö àñď ŕéšţ. ···········»,Greyfold_Return,Return_Voss,9,933af289,
en-XA,line:05ef102,"Threshold: «Hîš ţéţhéŕš, ďŕöppéď àţ ţhé ļîñé. Hîš fööţpŕîñţš gö îñ. ···············»",Greyfold_Return,Return_Voss,14,57768a92,
en-XA,line:096eb01,"Voss: «Ţhé ļîñé höļďš, jöûŕñéýmàñ. Îţ wîļļ höļď àfţéŕ ýöû. ··············»",Greyfold_Return,Return_Voss,16,31e86a60,
en-XA,line:0f925fa,Voss: «Jöûŕñéýmàñ. Ýöû çàmé bàçk öûţ. Šö îţ çàñ bé ďöñé. ·············»,Greyfold_Return,Return_Voss,20,ee9c9bcf,
en-XA,line:03d6408,"Threshold: «Šhé höļďš öûţ ţhé šmàļļ ďŕàwîñg. À héŕöñ, çŕàýöñ-ļîñéď, ţhé ŕîghţ šîzé. ···················»",Greyfold_Return,Return_Voss,22,45c261f8,
en-XA,line:0a33fc8,Voss: «...»,Greyfold_Return,Return_Voss,23,56403833,
en-XA,line:07eca93,Voss: «Çöŕŕà. ··»,Greyfold_Return,Return_Voss,24,4562fd10,
en-XA,line:06f9d0f,Voss: «Šhé ďŕéw mé ţhé ŕîghţ šîzé. Whéñ ďîď Î— šhé ďŕéw mé ţhé ŕîghţ šîzé. ·················»,Greyfold_Return,Return_Voss,25,d18173a0,
en-XA,line:0fb7645,"Voss: «Î àm göîñg îñ. Ţöďàý. Höļď ţhé ļîñé föŕ mé, jöûŕñéýmàñ. Šöméböďý šhöûļď. ···················»",Greyfold_Return,Return_Voss,26,d9fd474a,
en-XA,line:0eed512,Voss: «Wé wîļļ ñöţ. Šöméböďý mûšţ höļď ţhé ļîñé. ···········»,Greyfold_Return,Return_Voss,29,f71111b1,
en-XA,line:0e70fd9,Voss: «Gö àñď ďö whàţ ýöû çàmé ţö ďö. Wé wîļļ bé héŕé. Wé àŕé àļwàýš héŕé. ·················»,Greyfold_Return,Return_Voss,30,9b424ef2,
en-XA,line:09ec04d,"Lantern: «Ţhé gŕéý çhîçk, öñé pàçé bàçk, öñé ţö ţhé ļéfţ. ············»",Greyfold_Return,Threshold_Marrow,38,83c4e2ef,
en-XA,line:0eac1d9,Lantern: «Ţhé gŕéý çhîçk šţöpš àţ ţhé ļîñé àñď wàîţš föŕ héŕ. ··············»,Greyfold_Return,Threshold_Marrow,42,e1ed1a5f,
en-XA,line:0b55768,Marrow: «Ţhé ŕîghţ šîzé. ····»,Greyfold_Return,Threshold_Marrow,46,048e2572,
en-XA,line:0fbb3ce,Marrow: «Höļď ţhé ļîñé. ····»,Greyfold_Return,Threshold_Marrow,48,8d40141a,
en-XA,line:05793aa,Marrow: «Ļöök. ··»,Greyfold_Return,Threshold_Marrow,50,abdaa6f0,
en-XA,line:0b56b11,"Road: «Ţhé ŕöàď šţöpš mîď-šţŕîďé, à šţép fŕöm ţhé whîţé. ·············»",Greyfold_Road_Pell,Edge_Pell_Watch,8,9e3e52ed,
en-XA,line:0f91fb8,"Pell: «Î wŕöţé îţ ďöwñ. Àļļ fîvé. Î hàvéñ'ţ šéñţ îţ. Whîçh, ţéçhñîçàļļý, îšñ'ţ ţhé šàmé àš ñöţ šéñďîñg îţ. ·························»",Greyfold_Road_Pell,Edge_Pell_Watch,12,5b744d25,
en-XA,line:02543ee,"Road: «Ţhé ŕöàď éñďš mîď-šţŕîďé. Šhé šţépš öff îţ, îñţö ţhé whîţé, wîţhöûţ à ţéţhéŕ. ····················»",Greyfold_Road_Pell,Edge_Pell_Watch,15,550862af,
en-XA,line:0657193,"Road: «Ţhîŕţý šţépš. À hûñďŕéď. Ţhé whîţé ļéàñš öñ héŕ, àñď šhé šţàýš héŕšéļf. ···················»",Greyfold_Road_Pell,Edge_Pell_Watch,16,80455e58,
en-XA,line:0450f6f,"Road: «Šhé çöméš bàçk. Šöméböďý îš šţàñďîñg àţ ţhé ŕöàď'š éñď, höļďîñg à ñöţéböök. ····················»",Greyfold_Road_Pell,Edge_Pell_Watch,18,6d03ea04,
en-XA,line:0314a58,"Pell: «Fîvé ţhîñgš. Öñé, ýöû wàļkéď îñ wîţhöûţ à ţéţhéŕ. Ţwö, ýöû wéŕé göñé éļévéñ mîñûţéš. ······················»",Greyfold_Road_Pell,Edge_Pell_Watch,19,8b0bd81c,
en-XA,line:090ca10,"Pell: «Ţhŕéé, ýöû képţ ýöûŕ çöļöûŕ. Föûŕ, šö ďîď Î, wàţçhîñg, whîçh Î ďîďñ'ţ éxpéçţ. ···················»",Greyfold_Road_Pell,Edge_Pell_Watch,20,77e19f04,
en-XA,line:0ade7c3,Pell: «Fîvé. Ýöû çàmé bàçk. ·····»,Greyfold_Road_Pell,Edge_Pell_Watch,21,1a1c0c87,
en-XA,line:07e875e,Pell: «Wŕéñ. Höw? ···»,Greyfold_Road_Pell,Edge_Pell_Watch,22,1f293941,
en-XA,line:0734e71,«Î ďöñ'ţ kñöw. Îţ kñéw mé. ······»,Greyfold_Road_Pell,Edge_Pell_Watch,23,2cbd7e29,
en-XA,line:0aa5e25,Pell: «Ţhàţ'š ñöţ àñ àñšwéŕ. Îţ'š ţhé möšţ fŕîghţéñîñg ţhîñg àñýöñé'š šàîď ţö mé. ···················»,Greyfold_Road_Pell,Edge_Pell_Watch,24,b62ae638,
en-XA,line:07803c2,«Îšöļďé méàšûŕéď îţ. Héŕ pàgéš. ········»,Greyfold_Road_Pell,Edge_Pell_Watch,26,1cb064cc,
en-XA,line:06bcadf,"Pell: «Héŕ pàgéš. Whîçh, ţéçhñîçàļļý, ýöû'ŕé méàñţ ţö šûŕŕéñďéŕ. Î'ļļ wŕîţé ţhàţ ýöû ďîďñ'ţ. ······················»",Greyfold_Road_Pell,Edge_Pell_Watch,27,15169069,
en-XA,line:0448b18,«Péļļ. Ďöñ'ţ wŕîţé ţhîš ďöwñ. ·······»,Greyfold_Road_Pell,Edge_Pell_Watch,29,2b247998,
en-XA,line:09c4cd3,Pell: «Î hàvé ţö. Vöšš šéñţ mé ţö wàţçh ýöû. Î'm ţhé öñé whö'ď géţ îţ ŕîghţ. ·················»,Greyfold_Road_Pell,Edge_Pell_Watch,30,0e09a6bb,
en-XA,line:0438a1c,Pell: «Ţhé Gûîļď šàýš ýöû'ŕé mîššîñg. Ýöû'ŕé ñöţ mîššîñg. Ýöû'ŕé ţhé ļéàšţ mîššîñg péŕšöñ Î kñöw. ························»,Greyfold_Road_Pell,Edge_Pell_Watch,32,c25a2647,
en-XA,line:0d3f078,Halvard: «À šûŕvéý. Î éñţéŕéď îţ àš à šûŕvéý. Ţhé fîŕšţ Î'vé wŕîţţéñ. ···············»,Greyfold_Threshold,Threshold_Halvard,10,b29d288d,
en-XA,line:078f229,Halvard: «Gö. Î'ļļ éñţéŕ îţ àš à šûŕvéý. ·······»,Greyfold_Threshold,Threshold_Halvard,14,4e371849,
en-XA,line:00be0df,Halvard: «Wàŕďéñš. Ļàñçéš ďöwñ. Ţhîš îš à šûŕvéý ñöw. Ñöböďý çöûñţš héŕ. ················»,Greyfold_Threshold,Threshold_Halvard,15,6ddc1a98,
en-XA,line:01e892f,"Halvard: «Ţhé çöûñţ éñďš héŕé, jöûŕñéýmàñ. ·········»",Greyfold_Threshold,Threshold_Halvard,19,7b68ee17,
en-XA,line:06beaba,Halvard: «Ţhŕéé pàçéš àţ ţhé ļîghţhöûšé. Föûŕ öñ ţhé bŕîďgéš. Ñöñé héŕé. Î çöûñţéď évéŕý öñé. ······················»,Greyfold_Threshold,Threshold_Halvard,21,58ea699b,
en-XA,line:0ae1325,Halvard: «Ţhé bŕîďgéš mîššéď ýöû. Ţhé ļîñé wîļļ ñöţ. ···········»,Greyfold_Threshold,Threshold_Halvard,23,a975553e,
en-XA,line:09ea08a,"«Çöûñţ mé, ţhéñ. ····»",Greyfold_Threshold,Threshold_Halvard,25,d23afa3f,
en-XA,line:0ea71ab,Halvard: «Öñé. Ţhàţ'š àļļ ýöû wéŕé ţö ţhém. Öñé. ·········»,Greyfold_Threshold,Threshold_Halvard,26,1aa2f11e,
en-XA,line:0af8ffa,«Ýöû ďöñ'ţ wàñţ ţö bé héŕé. ·······»,Greyfold_Threshold,Threshold_Halvard,28,916e021f,
en-XA,line:045bd9d,"Halvard: «Ñö. Î wàñţ ţö bé hömé, çöûñţîñg gûļļš. Ļàñçé ûp. ············»",Greyfold_Threshold,Threshold_Halvard,29,00e32273,
en-XA,line:04069a5,«...»,Greyfold_Threshold,Threshold_Halvard,31,ab5df625,
en-XA,line:0e3c7c4,Halvard: «Šîļéñçé. Ýöû ļéàŕñéď ţhàţ fŕöm mé. Gööď. ···········»,Greyfold_Threshold,Threshold_Halvard,32,c49ffd81,
en-XA,line:030ecda,"Voss: «Gö, jöûŕñéýmàñ. Ţhé ļîñé îš ýöûŕš ñöw. ··········»",Greyfold_Threshold,Threshold_Voss,41,de2e7112,
en-XA,line:0436dfd,Voss: «Ţàké îţ îñ. Ţéļļ héŕ— ñö. Ñöţhîñg. Gö. ·········»,Greyfold_Threshold,Threshold_Voss,43,36e65192,
en-XA,line:096c1dc,Voss: «Î wîļļ bé héŕé. Î hàvé bééñ héŕé föŕţý-öñé ýéàŕš. À ļîţţļé ļöñgéŕ çöšţš ñöţhîñg. ·····················»,Greyfold_Threshold,Threshold_Voss,44,4801bcb6,
en-XA,line:08b37fa,"Voss: «Wé àŕé pàšţ špééçhéš, jöûŕñéýmàñ. Ţàké ûp ýöûŕ qûîļļ. ··············»",Greyfold_Threshold,Threshold_Voss,50,980f7d39,
en-XA,line:00180ea,Voss: «Jöûŕñéýmàñ Hàļļöwàý. Ţhîš îš àš fàŕ àš ţhé màp göéš. ··············»,Greyfold_Threshold,Threshold_Voss,53,19bf3091,
en-XA,line:0207179,Voss: «Ýöûŕ mîñďéŕ wŕîţéš wéļļ. Î hàvé ŕéàď ţhé ŕépöŕţ föûŕ ţîméš. ················»,Greyfold_Threshold,Threshold_Voss,55,e03bbfb7,
en-XA,line:06189a1,Voss: «Ýöûŕ mîñďéŕ fîļéď ñöţhîñg öñ ýöû. Péļļ hàš ñöţ öñçé fîļéď ļàţé. Wé ñöţîçéď. ····················»,Greyfold_Threshold,Threshold_Voss,57,9e306f42,
en-XA,line:0ae2db6,Voss: «Ţhé Çŕöwñ ţéļļš mé ýöû wîļļ màké Hàļďéñ péŕmàñéñţ. Ţhéñ héļp ûš höļď îţ. ···················»,Greyfold_Threshold,Threshold_Voss,60,925b05d7,
en-XA,line:09306b2,"Voss: «Ţhé Qûééñ-Ŕégéñţ šàýš ýöû ŕéfûšéď héŕ. Šö hàvé wé, öfţéñ. ···············»",Greyfold_Threshold,Threshold_Voss,62,9d499362,
en-XA,line:0e235dd,Voss: «Ýöû ţöļď ţhé Qûééñ-Ŕégéñţ àböûţ ţhé böý. Ţhàţ wàš ñöţ ýöûŕš ţö ţéļļ. ··················»,Greyfold_Threshold,Threshold_Voss,64,1f647409,
en-XA,line:0e70872,Voss: «Ţhŕéé šţöñéš. Möŕé. Ýöû hàvé émpţîéď hàļf öf Àûŕéññé îñţö ýöûŕ pàçk. ··················»,Greyfold_Threshold,Threshold_Voss,67,009ce2d3,
en-XA,line:087be0f,"Voss: «Ýöû çàŕŕý ţhé kîñgďöm'š šţöñéš. Ţhéý béļöñg îñ ţhé Vàûļţ, îñ ţhé šļöţš wé kéép. ·····················»",Greyfold_Threshold,Threshold_Voss,69,256a60f2,
en-XA,line:0ce26f1,Voss: «Ýöû çàŕŕý ñö šţöñéš. Gööď. Ţhéñ wé hàvé ñöţhîñg ţö ţàké fŕöm ýöû. ·················»,Greyfold_Threshold,Threshold_Voss,71,2c9d9147,
en-XA,line:0e9033d,Voss: «Hàļé'š šûŕvéý öf ţhé Šţéppé îš öñ mý ďéšk. Évéñ ţhé çļàñš höļď šţîļļ föŕ pàpéŕ. ·····················»,Greyfold_Threshold,Threshold_Voss,74,28971e52,
en-XA,line:07a9e9c,Voss: «Hàļé çàmé hömé wîţhöûţ hîš ļéñš. Hé wîļļ ñöţ šàý whý. Wé ďîď ñöţ àšk. ··················»,Greyfold_Threshold,Threshold_Voss,76,c7597587,
en-XA,line:0ca1596,Voss: «Föŕţý-öñé ýéàŕš wé hàvé héļď ţhîš ļîñé. Ñöţ öñé möŕé ţöwñ hàš göñé îñţö ţhé whîţé. ······················»,Greyfold_Threshold,Threshold_Voss,78,82de07a4,
en-XA,line:0f8e1a2,"Voss: «Î bŕöûghţ ţéţhéŕš ţöďàý. Föŕţý. Î méàñţ ţö gö îñ mýšéļf, ţhîš möŕñîñg. ··················»",Greyfold_Threshold,Threshold_Voss,79,481a39cc,
en-XA,line:006c6d1,Voss: «Î hàvé šţööď héŕé šîñçé ďàwñ. Î çàññöţ šàý whý Î hàvé ñöţ. ···············»,Greyfold_Threshold,Threshold_Voss,80,67333bf2,
en-XA,line:003d230,Voss: «Šö ñöböďý çŕöššéš. Ñöţ ýöû. Ñöţ wîţh ţhé kîñgďöm'š šţöñéš. Wé höļď. Ţhàţ îš whàţ wé àŕé föŕ. ·······················»,Greyfold_Threshold,Threshold_Voss,81,cd5cf834,
en-XA,line:0b6eb2c,«Çömé îñ wîţh mé. ····»,Greyfold_Threshold,Threshold_Voss,82,deb63902,
en-XA,line:052883e,Voss: «Ñö. Šöméböďý mûšţ höļď ţhé ļîñé. ·········»,Greyfold_Threshold,Threshold_Voss,83,01759cb3,
en-XA,line:0a385bc,«Whö'š îñ ţhéŕé ýöû wöñ'ţ šéé? ·······»,Greyfold_Threshold,Threshold_Voss,85,674782fc,
en-XA,line:0cacfd5,"Voss: «Ñöböďý. Ñöţhîñg. Ţàké ûp ýöûŕ qûîļļ, jöûŕñéýmàñ. ·············»",Greyfold_Threshold,Threshold_Voss,86,999f611f,
en-XA,line:071cfb0,"«Šţàñď àšîďé, Gûîļďmàšţéŕ. ·······»",Greyfold_Threshold,Threshold_Voss,88,01892cd0,
en-XA,line:0a97689,Voss: «Ţhéñ wé wîļļ šéé whîçh öf ûš ţhé màp ŕémémbéŕš. ·············»,Greyfold_Threshold,Threshold_Voss,89,7e72fc4d,
en-XA,line:0dd2a9e,"Threshold: «Ţhé Wàŕďéñš' ļîñé, bŕökéñ. Ţéţhéŕš ďŕöppéď öñ ţhé whîţé. Ñöböďý fŕöm ţhé Hàļļ çàmé. ······················»",Greyfold_Threshold,Threshold_Pell_Cross,97,9eefcdca,
en-XA,line:0eba8f0,"Pell: «Hé'š ŕîghţ ţhéŕé. Whîçh, ţéçhñîçàļļý, méàñš ýöû'ŕé ñöţ àçŕöšš ýéţ. Î'ļļ wàîţ. Î'm gööď àţ îţ. ·······················»",Greyfold_Threshold,Threshold_Pell_Cross,101,82a14d38,
en-XA,line:00757ec,Pell: «Gö öñ. Î'm wŕîţîñg. Î'm à fàšţ wŕîţéŕ. ·········»,Greyfold_Threshold,Threshold_Pell_Cross,105,e7cf6dea,
en-XA,line:05a7f2e,Pell: «Ţhŕéé ţhîñgš. Ýöûŕ ñàmé. Îšöļďé'š. Àñď whöévéŕ'š îñ ţhéŕé. ···············»,Greyfold_Threshold,Threshold_Pell_Cross,108,870b7b7b,
en-XA,line:03ad242,Pell: «Gö öñ. Î'ļļ wŕîţé îţ ďöwñ. ······»,Greyfold_Threshold,Threshold_Pell_Cross,109,d455ff90,
en-XA,line:0b5e199,«Wŕîţé îţ pļàîñļý. ·····»,Greyfold_Threshold,Threshold_Pell_Cross,110,8b885375,
en-XA,line:0ff51d1,"Pell: «Î öñļý kñöw höw ţö wŕîţé îţ pļàîñļý. Ţhàţ wàš ţhé whöļé pŕöbļém, öñçé. ··················»",Greyfold_Threshold,Threshold_Pell_Cross,111,7394582c,
en-XA,line:0f0e0b3,«Çömé wîţh mé. ····»,Greyfold_Threshold,Threshold_Pell_Cross,113,970527ee,
en-XA,line:0ad024c,Pell: «Î çàñ'ţ. Šöméöñé hàš ţö bé héŕé whéñ ýöû çömé bàçk. Îţ'š göîñg ţö bé mé. ··················»,Greyfold_Threshold,Threshold_Pell_Cross,114,ad359a3c,
en-XA,line:07cfae9,«...»,Greyfold_Threshold,Threshold_Pell_Cross,116,ab5df625,
en-XA,line:03b1960,Pell: «Ýéš. Fîñé. Ţhàţ ţöö. Î'ļļ wŕîţé ţhé šîļéñçé ďöwñ. ············»,Greyfold_Threshold,Threshold_Pell_Cross,117,45843226,
en-XA,line:08cc860,Maren: «Ţhé çöûŕţ îš àļwàýš gļàď öf ýöû. Ţhé çöûŕţ îš àļwàýš gļàď. ···············»,Halden_Bastion_Maren,Bastion_Maren_Audience,8,d70305cd,
en-XA,line:068c174,"Maren: «Jöûŕñéýmàñ. Ûñļîçéñšéď, Î àm ţöļď. Ţhé Çŕöwñ ďöéš ñöţ mîñď. Ţhé Çŕöwñ mîñďš véŕý féw ţhîñgš ñöw. ·························»",Halden_Bastion_Maren,Bastion_Maren_Audience,11,25ff95b8,
en-XA,line:0d3e363,Maren: «Hàļďéñ hàš ñöţ çhàñgéď îñ föŕţý ýéàŕš. Ñöböďý hûñgŕý. Ñöböďý ļöšţ. Î wöûļď ļîké îţ ţö šţàý šö. ·························»,Halden_Bastion_Maren,Bastion_Maren_Audience,12,e84e80e9,
en-XA,line:085f43a,"Maren: «Màké îţ péŕmàñéñţ. Ţhé Gûîļď çàññöţ, qûîţé. Ýöû wàļk whéŕé ţhéý ďö ñöţ. Ñàmé ýöûŕ pŕîçé. ·······················»",Halden_Bastion_Maren,Bastion_Maren_Audience,13,d3bbfd72,
en-XA,line:049423a,«Ñöţhîñg šţàýš. Ñöţ évéñ Hàļďéñ. ·········»,Halden_Bastion_Maren,Bastion_Maren_Audience,14,760f903a,
en-XA,line:00d1870,"Maren: «Évéŕýţhîñg héŕé šţàýš. Ýöû wîļļ šéé, îf ýöû ŕémàîñ ļöñg éñöûgh. Ñöböďý hàš évéŕ ļéfţ. ·······················»",Halden_Bastion_Maren,Bastion_Maren_Audience,15,477ad37a,
en-XA,line:0bd6664,«Î'ļļ ďö îţ. Föŕ ţhé çîţý. ······»,Halden_Bastion_Maren,Bastion_Maren_Audience,18,b7507993,
en-XA,line:067623a,Maren: «Gööď. Ţhéñ ţhé Çŕöwñ hàš à çàŕţögŕàphéŕ àgàîñ. Wé hàď öñé. Šhé wàļkéď àwàý. ····················»,Halden_Bastion_Maren,Bastion_Maren_Audience,19,ba21f0a5,
en-XA,line:01bc2c6,«Ýöûŕ ñéphéw îš ñîñé. Šţîļļ. ·······»,Halden_Bastion_Maren,Bastion_Maren_Audience,22,1836e93b,
en-XA,line:0ef93cb,Maren: «Hé îš ñîñé. Hé hàš àļwàýš... Hé wàš böŕñ ţhé špŕîñg béföŕé ţhé Ûñmàkîñg. Ţhàţ îš föŕţý-öñé ýéàŕš. ·························»,Halden_Bastion_Maren,Bastion_Maren_Audience,23,9c667730,
en-XA,line:0c27b38,"Maren: «Géţ öûţ. Ñö. Šţàý. Šàý îţ àgàîñ, šļöwļý. Î ñééď ţö héàŕ šöméöñé šàý îţ. ·················»",Halden_Bastion_Maren,Bastion_Maren_Audience,24,bcff09a0,
en-XA,line:0b79a68,"Warden: «Ţhé Çàpţàîñ îš ñöţ ŕéçéîvîñg. Ţhé ýàŕď îš çļöšéď föŕ ďŕîļļ. Mövé àļöñg, jöûŕñéýmàñ. ······················»",Halden_Bastion_Maren,Bastion_Oriel,32,52a1c101,
en-XA,line:03d64bb,"Oriel: «Àççûŕàţé, àļļ öf îţ. Î ŕéàď îţ à ţhîŕď ţîmé. Îţ šţîļļ ďöéš ñöţ šàý whý ýöû àŕé ļîké ţhîš. ······················»",Halden_Bastion_Maren,Bastion_Oriel,36,7e58191a,
en-XA,line:0522c8c,Oriel: «Péļļ wŕîţéš wéļļ. Pļàîñļý. Î hàvé ŕéàď îţ ţwîçé. ·············»,Halden_Bastion_Maren,Bastion_Oriel,39,98d70a9a,
en-XA,line:01690dd,Oriel: «Îţ šàýš ýöû çàmé bàçk fŕöm ţhé Gŕéýföļď ûñçhàñgéď. Ñöböďý ďöéš ţhàţ. Šhöw mé höw. ······················»,Halden_Bastion_Maren,Bastion_Oriel,40,1b0bc1f6,
en-XA,line:088cfc3,Pell: «Ţhé ďŕàwîñg'š šţîļļ ţhéŕé. Hé ďûšţš îţ hîmšéļf. Ţhé Wàŕďéñš àŕéñ'ţ àļļöwéď ţö. ·····················»,Halden_Bastion_Pell,Office_Pell_Drawing,8,3cea2c9c,
en-XA,line:09a7095,Pell: «Ţhîš îš hîš öffîçé. Vöšš'š. Wé'ŕé šţàñďîñg îñ ţhé Gûîļďmàšţéŕ'š öffîçé. Ţhŕöûgh à wîñďöw. ·······················»,Halden_Bastion_Pell,Office_Pell_Drawing,11,2862a990,
en-XA,line:0584ef9,Pell: «Ţhéŕé'š à ďŕàwîñg öñ ţhé wàļļ. À çhîçk ďŕéw îţ. À héŕöñ. Véŕý ţàļļ. Höļďîñg à çömpàšš. ······················»,Halden_Bastion_Pell,Office_Pell_Drawing,12,a117220b,
en-XA,line:0c56656,"Pell: «Hé'š ñévéŕ šûŕvéýéď àñýţhîñg. Ñöţ öñé pļàçé. Î çhéçkéď ţhé ļéďgéŕš, àļļ öf ţhém, ţwîçé. ·······················»",Halden_Bastion_Pell,Office_Pell_Drawing,13,1ea063d0,
en-XA,line:0aa3315,«Whö ďŕéw îţ? ···»,Halden_Bastion_Pell,Office_Pell_Drawing,14,defc706c,
en-XA,line:0ed4572,"Pell: «Îţ îšñ'ţ šîgñéď. Ţhéŕé'š à ñàmé öñ ţhé bàçk. Îţ'š bééñ šçŕàţçhéď öûţ, çàŕéfûļļý. ····················»",Halden_Bastion_Pell,Office_Pell_Drawing,15,361462f9,
en-XA,line:02f3d98,«Wé šhöûļďñ'ţ bé héŕé. ······»,Halden_Bastion_Pell,Office_Pell_Drawing,17,77ea6b5d,
en-XA,line:016df27,"Pell: «Ñö. Whîçh, ţéçhñîçàļļý, îš whý ñöböďý'š çhéçkéď ţhé ďŕàwéŕ. ················»",Halden_Bastion_Pell,Office_Pell_Drawing,18,7b0178a6,
en-XA,line:0f3ef4d,«...»,Halden_Bastion_Pell,Office_Pell_Drawing,20,ab5df625,
en-XA,line:0e701f2,Pell: «Î kñöw. Îţ'š à véŕý šàď ďŕàwîñg. Î ďöñ'ţ kñöw whý îţ'š šàď. ··············»,Halden_Bastion_Pell,Office_Pell_Drawing,21,e933fe36,
en-XA,line:017d491,"Pell: «Ţhé Vàûļţ'š ûñďéŕ ţhîš fļööŕ. Ţhé kéý'š îñ hîš ďŕàwéŕ. Whîçh, ţéçhñîçàļļý, îš šţéàļîñg. ·······················»",Halden_Bastion_Pell,Office_Pell_Drawing,23,b3ee004a,
en-XA,line:018852f,Pell: «Šîx. Šţîļļ šîx. Î kéép höpîñg Î mîšçöûñţéď. Î ñévéŕ mîšçöûñţ. ················»,Halden_Bastion_Pell,Vault_Pell_Slot,31,b4e9619e,
en-XA,line:08972a2,"Pell: «Šévéñ šļöţš. Bŕàšš. Öñé föŕ éàçh kéýšţöñé, ţhé Gûîļď šàýš. Föŕ šàfékéépîñg. ····················»",Halden_Bastion_Pell,Vault_Pell_Slot,34,745f4c82,
en-XA,line:0b594c3,"Pell: «Šîx. Whîçh, ţéçhñîçàļļý, méàñš šévéñ mîñûš öñé. Whîçh méàñš šöméöñé çöûñţéď. ·····················»",Halden_Bastion_Pell,Vault_Pell_Slot,35,8d019992,
en-XA,line:02cd665,Pell: «Àñď ţhé ďûšţ îñ ţhé émpţý öñé îš ýöûñgéŕ ţhàñ ţhé ďûšţ îñ ţhé öţhéŕš. À ýéàŕ. Ļéšš. ·····················»,Halden_Bastion_Pell,Vault_Pell_Slot,36,cccb2fed,
en-XA,line:09a64cb,«Îšöļďé. ··»,Halden_Bastion_Pell,Vault_Pell_Slot,37,59cfef42,
en-XA,line:09f88ee,Pell: «Î ďîďñ'ţ šàý ţhàţ. Î'm ñöţ göîñg ţö wŕîţé îţ ďöwñ. Î'm ñöţ göîñg ţö ñöţ wŕîţé îţ ďöwñ. ·····················»,Halden_Bastion_Pell,Vault_Pell_Slot,38,88bd7e83,
en-XA,line:0450c32,«Whö éļšé hàš ţhé kéý? ······»,Halden_Bastion_Pell,Vault_Pell_Slot,39,23ce389c,
en-XA,line:0bc6db6,"Pell: «Vöšš. Öñļý Vöšš. Šö éîţhéŕ hé ţöök îţ, öŕ hé ļéţ šöméöñé. ··············»",Halden_Bastion_Pell,Vault_Pell_Slot,40,c0a0d2fe,
en-XA,line:0978dea,«...»,Halden_Bastion_Pell,Vault_Pell_Slot,41,ab5df625,
en-XA,line:0cc0714,Pell: «Ýéš. Ţhàţ'š whàţ Î ţhîñk ţöö. ·······»,Halden_Bastion_Pell,Vault_Pell_Slot,42,a4bbc6d0,
en-XA,line:0864e50,"Halvard: «Jöûŕñéýmàñ. Föûŕ pàçéš, ñöw. Î šàîď Î'ď méàšûŕéď ýöû. ··············»",Halden_Bridges,Bridges_Halvard_Hunt,10,47722777,
en-XA,line:0cdba4d,Halvard: «Ţhé bŕîďgé îš Gûîļď pŕöpéŕţý. Šö îš ţhé fàļļ. Î'vé à ñéw ļàñçé föŕ îţ. ··················»,Halden_Bridges,Bridges_Halvard_Hunt,11,7bd5cff1,
en-XA,line:00ef235,"«Šţîļļ çöûñţîñg, Šéŕgéàñţ? ·······»",Halden_Bridges,Bridges_Halvard_Hunt,12,a4c3b4cc,
en-XA,line:01f3bd3,Halvard: «Àļwàýš. Ţwîçé ñöw. Ţhéŕé îš ñö ţhîŕď böök. ···········»,Halden_Bridges,Bridges_Halvard_Hunt,13,2c78755f,
en-XA,line:02a503c,«Šţàñď àšîďé. Î'm göîñg ţö ţhé Hàļļ. ·········»,Halden_Bridges,Bridges_Halvard_Hunt,15,f90d65d8,
en-XA,line:02f7b22,"Halvard: «Ţhŕöûgh mé, ţhéñ. Ţhé Hàļļ çàñ wàîţ öñ ţhé çöûñţ. ·············»",Halden_Bridges,Bridges_Halvard_Hunt,16,0318046f,
en-XA,line:00561df,«...»,Halden_Bridges,Bridges_Halvard_Hunt,18,ab5df625,
en-XA,line:07c7489,Halvard: «Éñţéŕéď àš à pļéà. Àgàîñ. Ýöû'vé à ţàļéñţ föŕ îţ. ············»,Halden_Bridges,Bridges_Halvard_Hunt,19,bc2a9bcf,
en-XA,line:07d0a03,Arden: «Ûñďéŕ ŕépàîŕ. Wé àŕé ţhé ŕépàîŕ. ·········»,Halden_Bridges,Bridges_Family,27,26b547ac,
en-XA,line:035ee99,Arden: «Ûñďéŕ ŕépàîŕ. Kéép ţö ţhé ļéfţ. ········»,Halden_Bridges,Bridges_Family,30,6a2f5f2b,
en-XA,line:09c56bb,"Arden: «Wé àŕé pàîď ţö šţàñď héŕé. Mý gŕàñďmöţhéŕ šţööď héŕé, àñď héŕ šöñ. Ñöw ûš. ···················»",Halden_Bridges,Bridges_Family,31,f898f8cb,
en-XA,line:03e176d,"Arden: «Ţhé Bŕîďgé Öffîçé šàýš ţhé šţöñé îš wéàk. Îf wé šţép öff, îţ mîghţ fàļļ. Ñöböďý hàš ţéšţéď îţ. ························»",Halden_Bridges,Bridges_Family,32,57f553bd,
en-XA,line:0a1e7ed,«Hàš àñýöñé ļöökéď àţ ţhé šţöñé? ·········»,Halden_Bridges,Bridges_Family,33,90c143fe,
en-XA,line:04b19f1,Arden: «Ļöökéď? Îţ'š ûñďéŕ ŕépàîŕ. Ýöû ďöñ'ţ ļöök àţ à ţhîñg ûñďéŕ ŕépàîŕ. Ýöû wàîţ. ···················»,Halden_Bridges,Bridges_Family,34,4e478dc2,
en-XA,line:0c9f88b,«Šţép öff. Î'ļļ çàţçh ýöû îf îţ göéš. ·········»,Halden_Bridges,Bridges_Family,35,979f7e29,
en-XA,line:09ab359,Arden: «Àñď ļöšé ţhé wàgé? Föŕţý ýéàŕš öf wàgé? Ñö. Ţhàñk ýöû. Kîñďļý méàñţ. ·················»,Halden_Bridges,Bridges_Family,36,efc5dd7d,
en-XA,line:013aee3,«...»,Halden_Bridges,Bridges_Family,37,ab5df625,
en-XA,line:035b2e4,"Arden: «Àýé. Îţ'š péàçéfûļ, šţàñďîñg. Ýöû'ď bé šûŕpŕîšéď. ·············»",Halden_Bridges,Bridges_Family,38,eebbbc33,
en-XA,line:0380e47,Tam: «Ñéxţ špŕîñg. Î fééļ gööď àböûţ ñéxţ špŕîñg. ············»,Halden_Bridges,Hall_Tam,45,423ebaae,
en-XA,line:05d8ac8,Tam: «Wŕéñ! Ýöû'ŕé bàçk. Àŕé ýöû šîţţîñg îţ? Ñéxţ špŕîñg. Î'm šîţţîñg îţ ñéxţ špŕîñg. ····················»,Halden_Bridges,Hall_Tam,48,1e78b54a,
en-XA,line:051e24c,"Tam: «Î'vé göţ mý ñöţéš. Éļévéñ böökš. Î šţàŕţ à fŕéšh öñé éàçh ýéàŕ, ţö bé šàfé. ···················»",Halden_Bridges,Hall_Tam,49,0fb7f77e,
en-XA,line:0dff415,"Tam: «Ļöök. Ţhé šàmé, šéé? Évéŕý ýéàŕ Î géţ îţ ŕîghţ. Î jûšţ ñééď ţö šîţ îţ. ·················»",Halden_Bridges,Hall_Tam,50,2fa118db,
en-XA,line:09ef247,"«Ţhéšé àŕé îďéñţîçàļ, Ţàm. Évéŕý pàgé. ··········»",Halden_Bridges,Hall_Tam,51,19134d86,
en-XA,line:0316da8,"Tam: «Wéļļ, ţhé àñšwéŕš ďöñ'ţ çhàñgé. Ţhàţ'š whàţ màkéš ţhém àñšwéŕš. ·················»",Halden_Bridges,Hall_Tam,52,9ca8431e,
en-XA,line:0f49341,«Whéñ ďîď ýöû šţàŕţ ŕévîšîñg? ········»,Halden_Bridges,Hall_Tam,53,7dd5fc0a,
en-XA,line:033f3c2,Tam: «Ļàšţ àûţûmñ. Jûšţ ļàšţ àûţûmñ. Ţîmé göéš qûîçkļý îñ ţhé Hàļļ. ················»,Halden_Bridges,Hall_Tam,54,c99d06a0,
en-XA,line:0b1cd76,«...»,Halden_Bridges,Hall_Tam,55,ab5df625,
en-XA,line:0eeec60,Tam: «Ýöû ļöök ţîŕéď. Ŕévîšîñg? Mé ţöö. Àļwàýš. ···········»,Halden_Bridges,Hall_Tam,56,7f816d9e,
en-XA,line:0166539,"Board: «Ţöļļš öf ţhé Šévéñ Bŕîďgéš. Ŕévîšéď éàçh špŕîñg, bý öŕďéŕ öf ţhé Çŕöwñ. ···················»",Halden_Environment,Bridges_TollBoard,7,7555f3d6,
en-XA,line:07e5c09,Board: «Föŕţý špŕîñgš öf ŕévîšîöñš béļöw îţ. Évéŕý fîgûŕé màţçhéš ţhé öñé àbövé. ····················»,Halden_Environment,Bridges_TollBoard,8,f907f806,
en-XA,line:021d672,"Sheet: «Ñéw véļļûm, hûñg ţö ďŕý. À fļàw îñ öñé çöŕñéŕ: à ţhûmbpŕîñţ pŕéššéď îñţö ţhé pûļp. ·····················»",Halden_Environment,Mills_Sheets,13,ba418805,
en-XA,line:031eca3,Sheet: «Ţhé ñéxţ šhééţ hàš îţ ţöö. Àñď ţhé ñéxţ. Ţhé whöļé ļöfţ hàš ţhé šàmé ţhûmb. ···················»,Halden_Environment,Mills_Sheets,14,04728506,
en-XA,line:02abad2,"Roll: «Gûîļďmàšţéŕš öf ţhé Méŕîďîàñ, çûţ îñ ţhé šţöñé. Ñîñé ñàméš, àñď à ţéñţh. ···················»",Halden_Environment,Hall_Roll,19,7487c54f,
en-XA,line:067c320,Roll: «Ţhé ñîñţh îš çhîšéļļéď öûţ. Ţhé öwļ'š-éýé çŕéšţ béšîďé îţ wàš ļéfţ. ··················»,Halden_Environment,Hall_Roll,20,199f2ea3,
en-XA,line:043cfda,Roll: «Ţhé ţéñţh îš Àûŕéļîàñ Vöšš. Ţhé šţöñé ûñďéŕ hîm îš šmööţh. ················»,Halden_Environment,Hall_Roll,21,fa06cbff,
en-XA,line:0c93279,Notice: «Bý ţhé Gûîļďmàšţéŕ'š öŕďéŕ. Ñö Wàŕďéñ çŕöššéš ţhé Gŕéýföļď ļîñé. Ñö ţéţhéŕ îš îššûéď föŕ ţhé Öļď Çàpîţàļ. ····························»,Halden_Environment,Hall_Order,26,4d2de20b,
en-XA,line:04a8a37,Notice: «Ñö éxçépţîöñš. Ñö ŕéqûéšţš. Ţhé pàpéŕ îš föŕţý ýéàŕš öļď. Ţhé pîñš àŕé ñéw. ····················»,Halden_Environment,Hall_Order,27,702134cb,
en-XA,line:0bfd52a,"Papers: «Àñ éxàm öñ évéŕý ďéšk. Qûéšţîöñ öñé: ""Ñàmé ţhé šévéñ bŕîďgéš öf Hàļďéñ, îñ öŕďéŕ."" ·····················»",Halden_Environment,Hall_ExamPapers,32,ccda4fe5,
en-XA,line:0d45777,Papers: «Ţhé šàmé pàpéŕ öñ évéŕý ďéšk. Ţhé ďàţé àţ ţhé ţöp îš föŕţý ýéàŕš öļď. Ţhé îñk îš wéţ. ······················»,Halden_Environment,Hall_ExamPapers,33,71550ea0,
en-XA,line:04c2dd1,Notice: «ŠÛŔVÉÝ ŠÇHÉĎÛĻÉĎ. Bý öŕďéŕ öf ţhé Méŕîďîàñ Gûîļď. ··············»,Halden_Environment,Lowmarket_Notice,38,3b7f91e4,
en-XA,line:0ed1bfc,"Notice: «Ûñďéŕ îţ, öļďéŕ ñöţîçéš, éàçh šàýîñg ţhé šàmé. Ţhé böţţöm öñé îš bŕöwñ. ···················»",Halden_Environment,Lowmarket_Notice,39,98ffa2bb,
en-XA,line:0032e3b,"Notice: «Pàšţéď övéŕ ţhém àļļ, ñéw àñď whîţé: ŠÛŔVÉÝ ÇÖMPĻÉŢÉ. ··············»",Halden_Environment,Lowmarket_Notice,41,7839ba35,
en-XA,line:09d5aea,"Plaque: «Ţhé Çŕöwñ'š Ţöwéŕ. Îţš ļàñďîñg îš föŕţý wîñgšpàñš ûp, whéŕé ţhé öļď ďööŕ wàš. ····················»",Halden_Environment,Bastion_Plaque,47,d02c0ec8,
en-XA,line:0815c81,Plaque: «Ţhîš ďööŕ wàš çûţ àţ ţhé fööţ ţhé ýéàŕ àfţéŕ ţhé fàļļ. Ţhéŕé àŕé ñö šţàîŕš béţwééñ. ······················»,Halden_Environment,Bastion_Plaque,48,c1d776c9,
en-XA,line:001e9b1,"Drawing: «Çŕàýöñ, fŕàméď. À héŕöñ àš ţàļļ àš ţhé pàgé, höļďîñg à çömpàšš. ················»",Halden_Environment,Office_Drawing,53,ecc6a9ee,
en-XA,line:05dd5f7,"Drawing: «Béhîñď hîm, à çîţý, évéŕý wîñďöw çöļöûŕéď îñ. Îñ öñé, hîgh ûp, à šmàļļ héŕöñ wàvéš. ·····················»",Halden_Environment,Office_Drawing,54,ff59e689,
en-XA,line:0552f00,"Pell: «Fîvé ţhîñgš. Ñö, ţhŕéé. Ţhŕéé ţhîñgš, Î'vé bééñ pŕàçţîšîñg. ···············»",Halden_Hall_Pell,Hall_Pell_Minder,15,dd7d56ac,
en-XA,line:022f249,Pell: «Ţhé Hàļļ ţhîñkš ýöû ďŕöwñéď. Ţàm ţhîñkš ýöû'ļļ šîţ ţhé éxàm wîţh hîm. Î ţhîñk ñéîţhéŕ. ·······················»,Halden_Hall_Pell,Hall_Pell_Minder,16,9b6fd057,
en-XA,line:0728e36,«Ýöû wŕöţé îţ ďöwñ. ·····»,Halden_Hall_Pell,Hall_Pell_Minder,17,f314134f,
en-XA,line:080f705,"Pell: «Àļļ öf îţ. Îţ'š àççûŕàţé. Ţhàţ'š ţhé whöļé pŕöbļém, îšñ'ţ îţ. ···············»",Halden_Hall_Pell,Hall_Pell_Minder,18,a9ba6150,
en-XA,line:0ba9ea1,«Ţhéñ ďöñ'ţ šéñď îţ. ·····»,Halden_Hall_Pell,Hall_Pell_Minder,20,45a8a73a,
en-XA,line:04a89c8,"Pell: «Îf Î ďöñ'ţ, šöméöñé ļéšš àççûŕàţé wîļļ. Whîçh, ţéçhñîçàļļý, îš wöŕšé föŕ ýöû. ····················»",Halden_Hall_Pell,Hall_Pell_Minder,21,8d71e055,
en-XA,line:0028172,«...»,Halden_Hall_Pell,Hall_Pell_Minder,23,ab5df625,
en-XA,line:0ccb647,Pell: «Ýöû ďö ţhàţ. Îšöļďé ďîď ţhàţ. Î àļwàýš ţàļkéď îñţö îţ. ··············»,Halden_Hall_Pell,Hall_Pell_Minder,24,4f9d0e23,
en-XA,line:0495cc4,"Pell: «Î'm ţö wàļk wîţh ýöû. Mîñďéŕ, ţhéý çàļļ îţ. Whîçh méàñš Î ţéļļ ţhém whéŕé ýöû wéñţ. ·····················»",Halden_Hall_Pell,Hall_Pell_Minder,26,35573d16,
en-XA,line:0a62a83,Pell: «Îţ'š wŕîţţéñ. Ţhé ŕépöŕţ. Î'vé ŕéàď îţ föûŕ ţîméš. Îţ ďöéšñ'ţ géţ kîñďéŕ. Îţ géţš möŕé àççûŕàţé. ························»,Halden_Hall_Pell,Hall_Pell_Report,32,27428d59,
en-XA,line:07fe2d8,«Ļéţ mé ŕéàď îţ. ····»,Halden_Hall_Pell,Hall_Pell_Report,33,ca94988b,
en-XA,line:0bdca4f,«Ţhéñ šéñď îţ. ····»,Halden_Hall_Pell,Hall_Pell_Report,35,3b1831b3,
en-XA,line:029dbb9,"Pell: «Ţhàţ'š whàţ Îšöļďé wöûļď šàý. Îšöļďé îšñ'ţ héŕé. Whîçh, ţéçhñîçàļļý, îš ţhé pŕöbļém. ······················»",Halden_Hall_Pell,Hall_Pell_Report,36,e6e54436,
en-XA,line:09a6a9d,«...»,Halden_Hall_Pell,Hall_Pell_Report,38,ab5df625,
en-XA,line:076e54a,Pell: «Šîļéñçé. Ýöû kñöw Î çàñ'ţ wŕîţé ţhàţ ďöwñ. Ţhéŕé îšñ'ţ à çöļûmñ föŕ îţ. ··················»,Halden_Hall_Pell,Hall_Pell_Report,39,9a32f70f,
en-XA,line:0b11359,Report: «Jöûŕñéýmàñ Wŕéñ éñţéŕéď ţhé Gŕéýföļď wîţhöûţ à ţéţhéŕ àñď ŕéţûŕñéď ûñçhàñgéď. ······················»,Halden_Hall_Pell,Hall_Pell_Read,45,b334dda7,
en-XA,line:07b7dd5,Report: «Šhé çàŕŕîéš ţhé ţöŕñ pàgéš öf Îšöļďé Màŕŕ. Šhé îš ûñļîçéñšéď. Šhé hàš ñöţ šûŕŕéñďéŕéď ţhém. ·························»,Halden_Hall_Pell,Hall_Pell_Read,46,e28b3555,
en-XA,line:0da6dc2,"Report: «Šhé hàš, îñ ţhé mîñďéŕ'š vîéw, bééñ kîñď ţö évéŕýöñé šhé hàš méţ. Ţhîš îš ñöţ ŕéļévàñţ. ······················»",Halden_Hall_Pell,Hall_Pell_Read,47,10738d9f,
en-XA,line:0e78ab4,Pell: «Îţ'š àççûŕàţé. Ţhàţ'š ţhé whöļé pŕöbļém. ···········»,Halden_Hall_Pell,Hall_Pell_Read,48,c85fb42a,
en-XA,line:06a7ad1,Pell: «Ýöû'ď hàvé çàŕŕîéď mé öûţ. Öf àñýwhéŕé. Î kñöw ţhàţ ñöw. ··············»,Halden_Hall_Pell,Hall_Pell_Read,51,36625fff,
en-XA,line:062ddd9,Pell: «Öñé ļîšţ. Öñé îţém. Î'm ñöţ šéñďîñg îţ. ··········»,Halden_Hall_Pell,Hall_Pell_Read,52,dfda4cb5,
en-XA,line:0ffb172,"Pell: «Î'm šéñďîñg îţ. Î'm ţéļļîñg ýöû ţö ýöûŕ fàçé, béçàûšé ţhàţ'š ţhé öñļý fàîŕ pàŕţ. ····················»",Halden_Hall_Pell,Hall_Pell_Send,62,bd2763bb,
en-XA,line:08bda0b,Pell: «Çàpţàîñ Öŕîéļ wîļļ ŕéàď îţ. Šhé ŕéàďš évéŕýţhîñg ţwîçé. ···············»,Halden_Hall_Pell,Hall_Pell_Send,63,8c373daf,
en-XA,line:00f594d,Pell: «Ţhŕéé ţhîñgš. Ţhé Wàŕďéñš hàvé îţ. Öŕîéļ hàš îţ. Î hàvé à çöpý. Î ŕéàď îţ àţ ñîghţ. ·····················»,Halden_Hall_Pell,Hall_Pell_After,71,8e2490b2,
en-XA,line:0845f6e,Pell: «Öñé ţhîñg. Îţ'š îñ mý ďŕàwéŕ. Îţ'š šţîļļ àççûŕàţé. Îţ šţàýš ţhéŕé. ·················»,Halden_Hall_Pell,Hall_Pell_After,73,98a6edea,
en-XA,line:03a0322,Brisk: «Föŕţý ďàýš öûţ. Ţhé mîļļš àŕé çöļď. Ţhé öwñéŕš àŕé wàŕm. Ļöwmàŕkéţ îš géţţîñg ţhîññéŕ. ·······················»,Halden_Lowmarket_Strike,Lowmarket_Strike,12,e86467f1,
en-XA,line:07a24c7,Anvers: «Ţhé šûŕvéý îš šçhéďûļéď. Îţ hàš bééñ šçhéďûļéď föŕ ñîñé ýéàŕš. Šçhéďûļéš ţàké ţîmé. ·······················»,Halden_Lowmarket_Strike,Lowmarket_Strike,13,0948f17e,
en-XA,line:0a65a3b,"Brisk: «Ñîñé ýéàŕš. Ļöök àţ ţhé pàîñţ. Ļöök àţ mý hàñďš. Ýöû çàñ šéé ţhé ţàbļé ţhŕöûgh ţhém, šömé möŕñîñgš. ··························»",Halden_Lowmarket_Strike,Lowmarket_Strike,14,cc8e6443,
en-XA,line:02ec805,«Ţhé öwñéŕš pàý föŕ ţhé šûŕvéý. ········»,Halden_Lowmarket_Strike,Lowmarket_Strike,15,dd78e533,
en-XA,line:0dd848d,«Höļď îţ ýöûŕšéļvéš. Î'ļļ ţéàçh ţhé wàļk. ···········»,Halden_Lowmarket_Strike,Lowmarket_Strike,17,c3335a1f,
en-XA,line:02aa891,«Îţ îšñ'ţ mý šţŕîké. ·····»,Halden_Lowmarket_Strike,Lowmarket_Strike,19,47b6ca7c,
en-XA,line:0f65c7a,"Anvers: «Ţhé öwñéŕš, pàý? Föŕ à ďîšţŕîçţ ţhàţ pàýš ñö ďûéš? Ţhàţ îš ñöţ höw... ·················»",Halden_Lowmarket_Strike,Lowmarket_Mediate,25,0df2c341,
en-XA,line:07dadab,Brisk: «Ţhéý'ļļ pàý. Öŕ ţhé jöûŕñéýmàñ šţàñďš àţ ţhéîŕ mîļļ gàţé wîţh ţhé ŕéšţ öf ûš. ····················»,Halden_Lowmarket_Strike,Lowmarket_Mediate,26,08264cc3,
en-XA,line:016757e,"Anvers: «Véŕý wéļļ. Föûŕ hûñďŕéď çŕöwñš à šţŕééţ. Àñçhöŕéď bý ţhé ñéw mööñ. Îţ wîļļ bé ţhé šàmé, àfţéŕ. Föŕévéŕ. ···························»",Halden_Lowmarket_Strike,Lowmarket_Mediate,27,aa6bff91,
en-XA,line:0274589,Brisk: «Ţhé šàmé îš béţţéŕ ţhàñ göñé. Îšñ'ţ îţ? Ţéļļ mé îţ îš. ·············»,Halden_Lowmarket_Strike,Lowmarket_Mediate,28,cb7e8b48,
en-XA,line:05a17b9,"Brisk: «À wàļk? Ŕöûñď ţhé ďîšţŕîçţ, évéŕý ñîghţ? Wé'ŕé mîļļwöŕkéŕš, ñöţ à çhöîŕ. ···················»",Halden_Lowmarket_Strike,Lowmarket_Walk,38,4bfcc4d0,
en-XA,line:0c36062,Brisk: «...Évéŕý šţŕééţ à ñàmé. Évéŕý ñàmé à šţép. Àýé. Wé çàñ ļéàŕñ à ţhîñg îf wé'ŕé šhöwñ îţ ţwîçé. ·······················»,Halden_Lowmarket_Strike,Lowmarket_Walk,39,a18872f2,
en-XA,line:01b5fb6,Anvers: «Ţhàţ îš ñöţ à šûŕvéý. Ţhé Gûîļď wîļļ ñöţ ŕéçögñîšé îţ. ··············»,Halden_Lowmarket_Strike,Lowmarket_Walk,40,561f87d1,
en-XA,line:08378cb,Brisk: «Ţhé Gûîļď hàšñ'ţ ŕéçögñîšéď ûš föŕ ñîñé ýéàŕš. Wé'ļļ màñàgé. ················»,Halden_Lowmarket_Strike,Lowmarket_Walk,41,519a04ff,
en-XA,line:0575e25,Brisk: «Ñö. Îţ îšñ'ţ. Ñöböďý'š îš. Ţhàţ'š whàţ ţhé öwñéŕš šàý ţöö. ··············»,Halden_Lowmarket_Strike,Lowmarket_StayOut,49,6bac5a93,
en-XA,line:048987f,Anvers: «Ţhé šţŕîké wîļļ éñď wîţhîñ ţhé möñţh. Ţhéý àļwàýš ďö. Ţhé šûŕvéý ŕémàîñš šçhéďûļéď. ·······················»,Halden_Lowmarket_Strike,Lowmarket_StayOut,50,7aa39dca,
en-XA,line:0fd4243,"Brisk: «Gö öñ, ţhéñ. Ûp ţhé šţàîŕ. Ŕémémbéŕ ûš, îf ýöû çàñ. Šöméböďý šhöûļď. ·················»",Halden_Lowmarket_Strike,Lowmarket_StayOut,51,7ee4996b,
en-XA,line:0515694,Brisk: «Šàmé bŕéàď. Šàmé pàîñţ. Šàmé mé. Îţ höļďš. Î ďöñ'ţ kñöw îf Î'm gļàď. ················»,Halden_Lowmarket_Strike,Lowmarket_Strike_After,62,ae112a89,
en-XA,line:06d845f,Brisk: «Föŕţý-ţwö šţŕééţš àñď à bàkéŕý. Wé wàļkéď ţhém ļàšţ ñîghţ. Ñöböďý mîššéď à ñàmé. ·····················»,Halden_Lowmarket_Strike,Lowmarket_Strike_After,64,c4e00b2c,
en-XA,line:0b5d00c,Brisk: «Ţhîññéŕ évéŕý ďàý. Wé'ļļ bé îñ ýöûŕ whîţé pļàçé šööñ. Šàvé ûš à šţŕééţ. ··················»,Halden_Lowmarket_Strike,Lowmarket_Strike_After,66,2684c940,
en-XA,line:07a43f8,"Frame: «Ţhé fŕàmé, àš šhé ļéfţ îţ. ·······»",Halden_Observatory_Endings,Observatory_Frame,9,f668b779,
en-XA,line:033af0e,Frame: «Ţhé ďömé îš šhûţ. ·····»,Halden_Observatory_Endings,Observatory_Frame,13,dbca3371,
en-XA,line:0b777af,"Frame: «Ţhé fŕàmé öf ţhé Gŕéàţ Àţļàš. Šévéñ šöçkéţš, bŕàšš, à çömpàšš ŕöšé îñ éàçh. ····················»",Halden_Observatory_Endings,Observatory_Frame,16,7f2164fc,
en-XA,line:0690ecb,Frame: «Öñé šöçkéţ îš fûļļ. Ţhé Öbšéŕvàţöŕý'š öwñ šţöñé hàš ñöţ ļéfţ îţ îñ föŕţý-öñé ýéàŕš. ······················»,Halden_Observatory_Endings,Observatory_Frame,17,5e3f830f,
en-XA,line:0eddeee,Frame: «Šhé šţàñďš àţ îţ à ļöñg ţîmé. Ñöţ ýéţ. Šhé ďöéšñ'ţ kñöw ýéţ whàţ šhé wöûļď ďö wîţh îţ. ······················»,Halden_Observatory_Endings,Observatory_Frame,19,9164a105,
en-XA,line:0b5efd2,«Ŕémàké îţ. Àļļ šévéñ. ······»,Halden_Observatory_Endings,Observatory_Frame,22,f358a23c,
en-XA,line:01a257f,«Bŕéàk îţ. Gîvé ţhém bàçk. ·······»,Halden_Observatory_Endings,Observatory_Frame,25,a81043a7,
en-XA,line:04c690d,«Ţéöďöŕ. Ţhéý'ŕé ýöûŕš ţö ļéţ gö. ········»,Halden_Observatory_Endings,Observatory_Frame,28,70a7d779,
en-XA,line:04752a4,"Frame: «Šhé šéţš ţhém îñ, öñé bý öñé. Àûŕý'š. Höļļöwvéîñ'š. Ţhé Höûšé'š. Ţhé héàŕţh'š. Îšöļďé'š. Çöŕvîñ'š. ························»",Halden_Observatory_Endings,Ending_Fixed,35,3488be4e,
en-XA,line:08c0e86,Frame: «Ţhé šévéñţh šöçkéţ çļöšéš. Ţhé Àţļàš îš whöļé. ·············»,Halden_Observatory_Endings,Ending_Fixed,36,68814272,
en-XA,line:0557d8e,"Frame: «Àçŕöšš Àûŕéññé, ñöţhîñg fàďéš. Ţhé Ŕémñàñţ çömé bàçk îñ çöļöûŕ, bļîñkîñg. ····················»",Halden_Observatory_Endings,Ending_Fixed,37,5cc14fc8,
en-XA,line:097183d,"Frame: «Ñöböďý fļîéš. Ţhé šký îš îñ ţhé Àţļàš, héļď, šàfé, föŕ évéŕýöñé. ················»",Halden_Observatory_Endings,Ending_Fixed,38,a95f83c3,
en-XA,line:06334e9,"Runa: «Bŕéàk îţ, ţhéñ. Àñď šîñg. Ñöböďý höļďš ţhé Bļàñk àļöñé. Ñöböďý höļďš àñýţhîñg àļöñé. ······················»",Halden_Observatory_Endings,Observatory_Runa_Chorus,45,c5066724,
en-XA,line:0fc9797,Runa: «Évéŕýöñé šhé'š méţ. Îñ öŕďéŕ. Héŕé wé gö. ··········»,Halden_Observatory_Endings,Observatory_Runa_Chorus,46,2d1dec92,
en-XA,line:0809b7f,"Runa: «Šàbļé, öf ţhé qûàý, whö ŕöwš föŕ fŕéé. ··········»",Halden_Observatory_Endings,Observatory_Runa_Chorus,48,d1c203d7,
en-XA,line:0d06500,"Runa: «Ďöţhà, öf Méŕŕöw'š Éñď, ñîñé šöñgš öf éļévéñ. ············»",Halden_Observatory_Endings,Observatory_Runa_Chorus,51,6ec65126,
en-XA,line:05c2737,"Runa: «Kéţţîļ, whö çöûñţš. Möţhéŕ. ·······»",Halden_Observatory_Endings,Observatory_Runa_Chorus,54,d0c6f9b0,
en-XA,line:09dee41,"Runa: «Ţéöďöŕ, whö ļéţš gö. ·····»",Halden_Observatory_Endings,Observatory_Runa_Chorus,57,2380b2c1,
en-XA,line:06bd836,"Runa: «Péļļ, whö wŕîţéš îţ ďöwñ. ·······»",Halden_Observatory_Endings,Observatory_Runa_Chorus,60,24932811,
en-XA,line:07b81f2,"Runa: «Îďŕéññé, whö wàļkš. ·····»",Halden_Observatory_Endings,Observatory_Runa_Chorus,63,b3e3cb7b,
en-XA,line:089865e,"Runa: «Îļšé, öf ţhé Höļļöw. ·····»",Halden_Observatory_Endings,Observatory_Runa_Chorus,66,632a2c3f,
en-XA,line:0401ca3,"Runa: «Çöŕŕà, whö ďŕàwš. ·····»",Halden_Observatory_Endings,Observatory_Runa_Chorus,69,09ebcc21,
en-XA,line:013663b,"Runa: «Àûŕéļîàñ, àţ ţhé ļîñé. ······»",Halden_Observatory_Endings,Observatory_Runa_Chorus,72,b791f2b1,
en-XA,line:0732514,"Runa: «Föŕţý-ţwö, Wŕéñ. Îšöļďé. Àñď whöévéŕ'š îñ ţhéŕé. ············»",Halden_Observatory_Endings,Observatory_Runa_Chorus,74,1180372b,
en-XA,line:01ccd90,Runa: «Ñöw wàļk îţ. Ţhé whöļé whîţé. Wé'ļļ kéép šîñgîñg ţîļļ ýöû'ŕé ŕöûñď. ·················»,Halden_Observatory_Endings,Observatory_Runa_Chorus,75,9e0281a8,
en-XA,line:0edb2f6,Frame: «Ţhé Àţļàš šţîŕš îñ îţš fŕàmé. Îţ wàñţš héŕ öñ ţhé pàgé. ··············»,Halden_Observatory_Endings,Observatory_Runa_Chorus,77,42408a64,
en-XA,line:0601e1f,"Frame: «Ţhé Àţļàš pûļļš àţ héŕ, pàgé bý pàgé. Ţhé šîñgîñg höļďš héŕ fééţ. ·················»",Halden_Observatory_Endings,Ending_Open_After,83,d2759e31,
en-XA,line:056f4f6,"Frame: «Ţhé émpţý fŕàmé. Bîŕďš öñ ţhé ŕàîļ, ţŕýîñg ţhéîŕ wîñgš. ···············»",Halden_Observatory_Endings,Ending_Open_After,87,462a3554,
en-XA,line:0902c8f,"Frame: «Ţhé fŕàmé bŕéàkš. Ţhé šţöñéš gö hömé, éàçh çàŕŕîéď bý whöévéŕ ļîvéš ţhéŕé. ····················»",Halden_Observatory_Endings,Ending_Open_After,90,dea3d3ed,
en-XA,line:021e252,"Frame: «Ţhé Bļàñk föļďš îñ. Ţhé fàďéď çömé bàçk gŕéý, àñď ţhé çöļöûŕ çöméš övéŕ ýéàŕš. ·····················»",Halden_Observatory_Endings,Ending_Open_After,91,b0696da9,
en-XA,line:0659b96,"Frame: «Àñçhöŕîñg šţöpš wöŕkîñg. Šö ďöéš fàďîñg. Bîŕďš bégîñ, àwkwàŕďļý, ţö ŕémémbéŕ. ·····················»",Halden_Observatory_Endings,Ending_Open_After,92,3bc230ba,
en-XA,line:0ae5add,"Frame: «Àţ ţhé véŕý éñď, fŕöm ţhé Öbšéŕvàţöŕý'š ŕàîļ, Wŕéñ fļîéš. Öñçé. Bŕîéfļý. ···················»",Halden_Observatory_Endings,Ending_Open_After,93,3afa68c0,
en-XA,line:01e55ab,"Teodor: «Màý Î? Ţhàñk ýöû, çàŕţögŕàphéŕ. Î wîļļ ñàmé ţhém. Ţhéý àŕé ñöţ göñé. Ţhéý àŕé ļéţ gö. ·····················»",Halden_Observatory_Endings,Observatory_Teodor_Unwritten,101,326d97db,
en-XA,line:0598941,Teodor: «Höļļöwvéîñ îš. ····»,Halden_Observatory_Endings,Observatory_Teodor_Unwritten,103,b59de639,
en-XA,line:00a1b76,Teodor: «Àļďéŕméŕé îš. ····»,Halden_Observatory_Endings,Observatory_Teodor_Unwritten,105,c54e5ee6,
en-XA,line:0065413,Teodor: «Méŕŕöw'š Éñď îš. ····»,Halden_Observatory_Endings,Observatory_Teodor_Unwritten,107,3ff87b96,
en-XA,line:0c2ad18,Teodor: «Ţhé Qûîéţ Höûšé îš. ·····»,Halden_Observatory_Endings,Observatory_Teodor_Unwritten,110,8f1c6855,
en-XA,line:03d4b6f,Teodor: «Ţhé Šţéppé îš. ····»,Halden_Observatory_Endings,Observatory_Teodor_Unwritten,113,4d859ffc,
en-XA,line:040e916,Teodor: «Àûŕý'š ļîghţ îš. ····»,Halden_Observatory_Endings,Observatory_Teodor_Unwritten,116,cdc17d6c,
en-XA,line:02794ba,Teodor: «Ţhéššàļý Höļļöw îš. ······»,Halden_Observatory_Endings,Observatory_Teodor_Unwritten,119,7f00d614,
en-XA,line:0108311,Teodor: «Ţhé öļď çàpîţàļ îš. ·····»,Halden_Observatory_Endings,Observatory_Teodor_Unwritten,122,0e3e7e35,
en-XA,line:0a9f36c,Teodor: «Ţhéŕé. Ñöw ñöţhîñg îš héļď. ·······»,Halden_Observatory_Endings,Observatory_Teodor_Unwritten,124,f4cb85e4,
en-XA,line:0365b06,"Frame: «Àñçhöŕîñg éñďš. Fàďîñg göéš öñ. Ţhé wöŕļď šhŕîñkš ţö whàţ îš ļîvéď îñ, wàļkéď, àñď ñàméď. ·······················»",Halden_Observatory_Endings,Observatory_Teodor_Unwritten,125,0fd11bf9,
en-XA,line:08a66f7,"Frame: «Ţhé Gûîļďmàšţéŕ'š çhàîŕ, émpţý. Hîš ļàñçé àgàîñšţ ţhé wàļļ. ················»",Halden_Observatory_Endings,Observatory_Voss,133,5a87f0d5,
en-XA,line:0d1c7fb,Voss: «Göñé îñ ţö fîñď héŕ. Höļď ñöţhîñg föŕ mé. À. V. ···········»,Halden_Observatory_Endings,Observatory_Voss,137,891cb795,
en-XA,line:0c2ff7c,"Frame: «Ţhé ñöţé îš öñ hîš ďéšk, îñ hîš éxàçţ hàñď, ûñďéŕ ţhé šmàļļ ďŕàwîñg. ··················»",Halden_Observatory_Endings,Observatory_Voss,138,1c3f1d5b,
en-XA,line:0602b79,Frame: «À šţàţûé àţ ţhé Öbšéŕvàţöŕý ďööŕ ţhàţ wàš ñöţ ţhéŕé béföŕé. ················»,Halden_Observatory_Endings,Observatory_Voss,140,6d427196,
en-XA,line:01ec81f,"Frame: «À gŕéý héŕöñ îñ bŕàšš, fàçîñg ţhé Gŕéýföļď. Ñöböďý ŕémémbéŕš çömmîššîöñîñg îţ. ······················»",Halden_Observatory_Endings,Observatory_Voss,141,b5a2c3a7,
en-XA,line:002dd4b,"Pell: «Ţhé ďömé'š šhûţ. Whîçh, ţéçhñîçàļļý, méàñš wé'ŕé ñöţ méàñţ ţö bé ûp héŕé. Àgàîñ. ····················»",Halden_Observatory_Pell,Observatory_Pell_Return,8,543196fd,
en-XA,line:086f924,Pell: «Î'm höļďîñg ţhé ďööŕ. Gö öñ. ·······»,Halden_Observatory_Pell,Observatory_Pell_Return,12,d881a600,
en-XA,line:0ec7147,Pell: «Öñé ţhîñg. Jûšţ öñé. Î'vé bééñ pŕàçţîšîñg. ···········»,Halden_Observatory_Pell,Observatory_Pell_Return,15,b5fb11b3,
en-XA,line:05f5401,"Pell: «Héŕ. Whöévéŕ šhé îš, ţhé öñé ýöû'ŕé ďöîñg ţhîš föŕ. Héŕ. ··············»",Halden_Observatory_Pell,Observatory_Pell_Return,17,12ee2c3a,
en-XA,line:0e57e5d,Pell: «Ţhé šký. Ţhàţ'š ţhé ļîšţ. Îţ'š à šhöŕţ ļîšţ. Îţ'š à bîg îţém. ··············»,Halden_Observatory_Pell,Observatory_Pell_Return,20,fdbec35e,
en-XA,line:0f2026d,Pell: «Ţhé ļéàvéš. Ţhé öñéš îñ ţhé öŕçhàŕď ţhàţ fàļļ. Kéép ţhöšé. ···············»,Halden_Observatory_Pell,Observatory_Pell_Return,23,85f245ce,
en-XA,line:02c49ad,Pell: «Ţhàţ'š îţ. Ţhàţ'š ţhé whöļé ļîšţ. Gö öñ. Î'ļļ höļď ţhé ďööŕ. ··············»,Halden_Observatory_Pell,Observatory_Pell_Return,26,dc0e92dd,
en-XA,line:03a2754,Pages: «Fîvé whö çöûļď höļď à pļàçé wîţhöûţ mé. Gö àñď fîñď öûţ îf Î wàš ŕîghţ. ··················»,Halden_Orchard_Isolde,Orchard_Isolde_Cache,8,767a343a,
en-XA,line:02048d3,"Pages: «Jöûŕñéýmàñ. Îf ýöû àŕé ŕéàďîñg ţhîš, ýöû çàmé ţhé ļöñg wàý. Gööď. Ļöök àţ ţhé ļéàvéš. ······················»",Halden_Orchard_Isolde,Orchard_Isolde_Cache,11,57a16766,
en-XA,line:044529b,Pages: «Ţhéý fàļļ héŕé. Ñöwhéŕé éļšé îñ Hàļďéñ ďöéš àñýţhîñg fàļļ. Whý ñöţ? ··················»,Halden_Orchard_Isolde,Orchard_Isolde_Cache,12,512168d7,
en-XA,line:04c413a,Pages: «Ţhé màŕkéţ hàš šöļď ţhé šàmé éļévéñ šţàļļš öf fŕûîţ föŕ éļévéñ ýéàŕš. Î çöûñţéď. ······················»,Halden_Orchard_Isolde,Orchard_Isolde_Cache,13,f0dc5e44,
en-XA,line:0002bf8,Pages: «Ţhé kîñg îš ñîñé. Hé hàš bééñ ñîñé šîñçé Î wàš ýöûŕ àgé. ··············»,Halden_Orchard_Isolde,Orchard_Isolde_Cache,14,e5f82371,
en-XA,line:055d1b3,Pages: «Àñçhöŕîñg šţöpš ţhé fàďé. Îţ šţöpš évéŕýţhîñg éļšé ţöö. Ţhé Gûîļď kñöwš. Vöšš kñöwš. ·······················»,Halden_Orchard_Isolde,Orchard_Isolde_Cache,15,c7d7eea9,
en-XA,line:0c33088,Pages: «Šö whàţ ďö wé ďö îñšţéàď? Î ďöñ'ţ kñöw. Î kñöw fîvé whö mîghţ. ···············»,Halden_Orchard_Isolde,Orchard_Isolde_Cache,16,7e2b8e78,
en-XA,line:0bc3c7e,"Pages: «Šàbļé, whö çŕöššéš. Ŕûñà, Kéţţîļ'š gîŕļ, whö wàļkš. Ţéöďöŕ Àšhé, whö ļéţš gö. ···················»",Halden_Orchard_Isolde,Orchard_Isolde_Cache,17,3af076ed,
en-XA,line:0257052,"Pages: «Îďŕéññé, whö ñévéŕ ñééďéď àñý öf îţ. Àñď Péļļ, îf Péļļ wîļļ. ···············»",Halden_Orchard_Isolde,Orchard_Isolde_Cache,18,32ac0312,
en-XA,line:02672f0,Pages: «Ďöñ'ţ àñçhöŕ whàţ Î'vé ďŕàwñ. Çömé fîñď whý. Ýöû'ŕé ñéàŕļý ţhéŕé. ·················»,Halden_Orchard_Isolde,Orchard_Isolde_Cache,19,09a77b34,
en-XA,line:0a722b1,«Šhé kñéw Î'ď çömé héŕé. ······»,Halden_Orchard_Isolde,Orchard_Isolde_Cache,20,d3137329,
en-XA,line:078c291,«Ţhéñ Î'ļļ fîñď ţhém. Àļļ fîvé. ········»,Halden_Orchard_Isolde,Orchard_Isolde_Cache,22,18f1f950,
en-XA,line:009aba8,«...»,Halden_Orchard_Isolde,Orchard_Isolde_Cache,24,ab5df625,
en-XA,line:0f27c21,Keeper: «Šţîļļ ŕàkîñg. Ñöböďý éļšé ŕémémbéŕš ţhéý fàļļ. ·············»,Halden_Orchard_Isolde,Orchard_Keeper,33,afb91d1a,
en-XA,line:07a476b,Keeper: «Ýöû'ŕé Îšöļďé'š. ····»,Halden_Orchard_Isolde,Orchard_Keeper,36,61b5c6ce,
en-XA,line:00db7e8,Keeper: «Šhé šţööď whéŕé ýöû'ŕé šţàñďîñg. Àškéď àböûţ ţhé ļéàvéš. ···············»,Halden_Orchard_Isolde,Orchard_Keeper,37,c041778c,
en-XA,line:01edbc7,«Ýöû'ŕé ţhé öñļý öñé whö ŕàkéš ţhém. ·········»,Halden_Orchard_Isolde,Orchard_Keeper,38,e99cc041,
en-XA,line:05d052b,Keeper: «Šöméöñé hàš ţö. Ñöböďý éļšé ŕémémbéŕš ţhéý fàļļ. ·············»,Halden_Orchard_Isolde,Orchard_Keeper,39,c1f820d6,
en-XA,line:044437c,«Whéŕé ďîď šhé gö àfţéŕ héŕé? ········»,Halden_Orchard_Isolde,Orchard_Keeper,41,0ad4a46b,
en-XA,line:06afee0,Keeper: «Ďöwñ. Šàmé àš évéŕýöñé whö àškš ţhé ŕîghţ qûéšţîöñ. ··············»,Halden_Orchard_Isolde,Orchard_Keeper,42,0411a316,
en-XA,line:0df92f2,«...»,Halden_Orchard_Isolde,Orchard_Keeper,44,ab5df625,
en-XA,line:009c19c,Keeper: «Ţhàţ'š whàţ šhé šàîď ţöö. ·······»,Halden_Orchard_Isolde,Orchard_Keeper,45,7e005625,
en-XA,line:088ff43,Keeper: «Î pļàñţéď ţhéšé ţŕééš föŕ àñ öwļ whö képţ ţhé Àţļàš. Hé ļîkéď ţhé ļéàvéš. Hé ļîkéď ţhém fàļļîñg. ·························»,Halden_Orchard_Isolde,Orchard_Keeper,47,b201072d,
en-XA,line:0a15d18,"Inscription: «Hàļļöwàý. À çömpàšš ŕöšé, àñď àñ öwļ'š éýé îñ îţ. ············»",Halden_Orchard_Isolde,Orchard_Gravestone,53,55995c44,
en-XA,line:059ce14,"Inscription: «À šéçöñď ñàmé béñéàţh, wöŕñ öff bý ŕàîñ. Föûŕ ļéţţéŕš. Ţhé fîŕšţ îš àñ Î. ···················»",Halden_Orchard_Isolde,Orchard_Gravestone,54,7dc2d5a2,
en-XA,line:0dc8c94,Isolde: «Šţöp. Héŕé îš fàŕ éñöûgh. ·······»,Prologue_Edge_Isolde,Prologue_Edge_Arrive,9,f671ba98,
en-XA,line:01f262b,"Isolde: «Ţéļļ mé whàţ ýöû šéé, jöûŕñéýmàñ. ·········»",Prologue_Edge_Isolde,Prologue_Edge_Arrive,10,e76d7a09,
en-XA,line:07682d7,«Whîţé. Îţ'š çļöšéŕ ţhàñ ļàšţ möñţh. ·········»,Prologue_Edge_Isolde,Prologue_Edge_Arrive,11,f204a431,
en-XA,line:04b5965,Isolde: «Ñîñé wîñgšpàñš çļöšéŕ. Î méàšûŕéď. ··········»,Prologue_Edge_Isolde,Prologue_Edge_Arrive,12,4bb88454,
en-XA,line:0e30177,«Ţhé Hàļf-Çàţhéďŕàļ. Îţš béļļš àŕé šţîļļ ûp. ············»,Prologue_Edge_Isolde,Prologue_Edge_Arrive,13,8aa3d3d9,
en-XA,line:0ee1f1d,"Isolde: «Ţhéý ŕîñg, šömé ñîghţš. Ñöböďý'š îñšîďé ţö ŕîñg ţhém. ··············»",Prologue_Edge_Isolde,Prologue_Edge_Arrive,14,13a1aed9,
en-XA,line:0b08369,«Ñöţhîñg. Î çàñ'ţ ļöök šţŕàîghţ àţ îţ. ··········»,Prologue_Edge_Isolde,Prologue_Edge_Arrive,15,f48d7b9a,
en-XA,line:0f1ba9b,Isolde: «Ñö öñé çàñ. Ţhàţ'š ţhé fîŕšţ ţhîñg ţö ļéàŕñ àböûţ ţhé Bļàñk. Ļöök béšîďé îţ. ····················»,Prologue_Edge_Isolde,Prologue_Edge_Arrive,16,6635be38,
en-XA,line:091e9b6,Isolde: «Wé'ļļ ţàké à pàgé öf îţ béföŕé ďàŕk. Ţhéñ Î'ļļ šhöw ýöû šöméţhîñg. ·················»,Prologue_Edge_Isolde,Prologue_Edge_Arrive,17,94181fef,
en-XA,line:08422cf,"Isolde: «Ţhé màŕkéŕ, ţhéŕé. Ţhé ļéñš. Šļöw. Ļéţ ţhé péñ fîñď ţhé ļîñé; ďöñ'ţ pûšh îţ. ···················»",Prologue_Edge_Isolde,Prologue_Edge_Arrive,19,86b92e67,
en-XA,line:050623e,Isolde: «Ţhéŕé. Fééļ ţhé pàgé ţàké îţ? ········»,Prologue_Edge_Isolde,Prologue_Edge_Survey,24,92b29120,
en-XA,line:082e77c,Isolde: «Ñöw bîñď îţ. À pàgé wîţhöûţ à mémöŕý îš öñļý à ďŕàwîñg. ··············»,Prologue_Edge_Isolde,Prologue_Edge_Survey,25,334d92f1,
en-XA,line:0337489,Isolde: «Î'ļļ gîvé ýöû mîñé. Wŕîţé îţ éxàçţļý. ··········»,Prologue_Edge_Isolde,Prologue_Edge_Survey,27,6d9dc5f4,
en-XA,line:0d48af4,"Isolde: «""À çhîļď àţ ţhé éďgé öf ţhé whîţé, ļöökîñg šţŕàîghţ àţ mé. Ţhé öñļý öñé whö çöûļď."" ·····················»",Prologue_Edge_Isolde,Prologue_Edge_Survey,28,148fd8d8,
en-XA,line:0f19008,«Mé. ·»,Prologue_Edge_Isolde,Prologue_Edge_Survey,29,c48241cd,
en-XA,line:0a8c928,Isolde: «Ýöû. Šîx ýéàŕš öļď àñď ñöţ àfŕàîď öf îţ. Î wàš ţéŕŕîfîéď. ···············»,Prologue_Edge_Isolde,Prologue_Edge_Survey,30,ee8e6770,
en-XA,line:041eb6d,«Whý ţhàţ mémöŕý? ·····»,Prologue_Edge_Isolde,Prologue_Edge_Survey,31,408b055a,
en-XA,line:0897e78,Isolde: «Béçàûšé îţ'š ţhé ţŕûéšţ ţhîñg Î öwñ. Bîñďîñg wàñţš ţhé ţŕûéšţ ţhîñg. ··················»,Prologue_Edge_Isolde,Prologue_Edge_Survey,32,c4d8465a,
en-XA,line:0913f86,«...»,Prologue_Edge_Isolde,Prologue_Edge_Survey,33,ab5df625,
en-XA,line:08d671d,Isolde: «Qûîéţ šûîţš à çàŕţögŕàphéŕ. Šéàļ îţ. ··········»,Prologue_Edge_Isolde,Prologue_Edge_Survey,34,61f59583,
en-XA,line:0789e28,Isolde: «Gööď. Ţhàţ'š ţhé ļàšţ ţhîñg Î çàñ ţéàçh ýöû šţàñďîñg šţîļļ. ················»,Prologue_Edge_Isolde,Prologue_Edge_Dusk,42,fc9d211d,
en-XA,line:024f22c,Isolde: «Šmûďgéš çömé öûţ àţ ďûšk héŕé. Qûîļļ ûp. Šţŕîké whéŕé ţhé îñk îš ţhîçkéšţ. ····················»,Prologue_Edge_Isolde,Prologue_Edge_Dusk,44,4ee1590e,
en-XA,line:0e1c170,Isolde: «Ýöû höļď îţ ļîké Vöšš ţàûghţ ýöû. Ļööšéñ ýöûŕ wŕîšţ. ··············»,Prologue_Edge_Isolde,Prologue_Edge_AfterSmudges,50,e77b1347,
en-XA,line:024564b,Isolde: «Wŕéñ. ··»,Prologue_Edge_Isolde,Prologue_Edge_Departure,56,0f73c693,
en-XA,line:034c888,Isolde: «Î'm göîñg îñ. ···»,Prologue_Edge_Isolde,Prologue_Edge_Departure,57,7f448b86,
en-XA,line:05a31b4,«Ýöû ďöñ'ţ hàvé à ţéţhéŕ. ······»,Prologue_Edge_Isolde,Prologue_Edge_Departure,58,bee7e242,
en-XA,line:053ae88,Isolde: «Ñö. ·»,Prologue_Edge_Isolde,Prologue_Edge_Departure,59,e4896340,
en-XA,line:058346f,«Ţhéñ Î'm çömîñg. ····»,Prologue_Edge_Isolde,Prologue_Edge_Departure,60,868d7424,
en-XA,line:02c5444,Isolde: «Ýöû'ļļ ţŕý. Ţhàţ'š ŕàţhéŕ ţhé pöîñţ. ·········»,Prologue_Edge_Isolde,Prologue_Edge_Departure,61,eafe730f,
en-XA,line:0e7b6a1,«Whý? ·»,Prologue_Edge_Isolde,Prologue_Edge_Departure,62,5d8a995a,
en-XA,line:096dd5c,Isolde: «Béçàûšé Î ďŕéw šöméţhîñg Î šhöûļďñ'ţ hàvé. Àñď béçàûšé šöméöñé îñ ţhéŕé îš öwéď à vîšîţ. ························»,Prologue_Edge_Isolde,Prologue_Edge_Departure,63,6de77063,
en-XA,line:02124a5,Isolde: «Ďöñ'ţ àñçhöŕ whàţ Î'vé ďŕàwñ. Çömé fîñď whý. ···········»,Prologue_Edge_Isolde,Prologue_Edge_Departure,64,4dbdbd06,
en-XA,line:06c0854,Isolde: «Ļöök àţ mé. Öñļý àţ mé. Ţhéñ ļöök béšîďé ţhé whîţé. ·············»,Prologue_Edge_Isolde,Prologue_Edge_Departure,65,909fa24b,
en-XA,line:03f853b,"Isolde: «Béšîďé îţ, jöûŕñéýmàñ. Ţhé màŕkéŕ'š béhîñď ýöû. Šļöw. ··············»",Prologue_Edge_Isolde,Prologue_Edge_Idle,74,3d522cb1,
en-XA,line:0ed8901,Isolde: «Qûîļļ ûp. Ţhéý'ŕé öñļý îñk. Šţŕîké whéñ ţhéý'ŕé ţhîçkéšţ. ···············»,Prologue_Edge_Isolde,Prologue_Edge_Idle,76,d8980f4a,
en-XA,line:0d9bb77,"Sable: «Wîñgš hîgh, šţŕàñgéŕ. Ýöû'vé çömé à ļöñg wàý ţö bé ļöšţ. ··············»",Prologue_Edge_Isolde,Prologue_Shore_Wake,85,0a35b218,
en-XA,line:09043f9,Sable: «Gûîļď çöwļ. Ñö ļîçéñçé öñ ýöû. Ñö àţļàš éîţhéŕ. Ţhŕéé ţöŕñ pàgéš àñď à qûîļļ. ····················»,Prologue_Edge_Isolde,Prologue_Shore_Wake,86,49fc7c24,
en-XA,line:0b878ca,«Whéŕé îš ţhîš? ····»,Prologue_Edge_Isolde,Prologue_Shore_Wake,87,cd3c9352,
en-XA,line:0d3e9b5,"Sable: «Ţhé Šàļţmàŕŕöw. Ţhé fàŕ šîďé öf évéŕýţhîñg. Ţhé Bļàñk špàţ ýöû öûţ héŕé; îţ ďöéš ţhàţ, šöméţîméš. ··························»",Prologue_Edge_Isolde,Prologue_Shore_Wake,88,620bca35,
en-XA,line:0646920,«Höw ļöñg wàš Î göñé? ·····»,Prologue_Edge_Isolde,Prologue_Shore_Wake,89,d27f476e,
en-XA,line:0f30252,"Sable: «Ļöñg éñöûgh ţhàţ ţhé Gûîļď'š šţöppéď ļöökîñg. À föŕţñîghţ, bý ţhé ţîďé. ···················»",Prologue_Edge_Isolde,Prologue_Shore_Wake,90,44558c8b,
en-XA,line:0d9153a,«Ţhéŕé wàš à kîţé. Îšöļďé Màŕŕ. ········»,Prologue_Edge_Isolde,Prologue_Shore_Wake,91,74069176,
en-XA,line:0dfe5fa,Sable: «Ñöböďý çàmé öûţ bûţ ýöû. Ñöböďý évéŕ çöméš öûţ. ·············»,Prologue_Edge_Isolde,Prologue_Shore_Wake,92,c3379a74,
en-XA,line:02553ba,Sable: «Qûàý'š ûp ţhé böàŕďwàļk. Évéŕýţhîñg ţhéŕé hàš à pŕîçé. Îñçļûďîñg mé. ··················»,Prologue_Edge_Isolde,Prologue_Shore_Wake,93,2f3eb566,
en-XA,line:08d877c,Sable: «Ţéţhéŕ-pöšţ. Çöŕďš ţö pļàçéš ţhàţ àŕéñ'ţ ţhéŕé. Ñöţ föŕ šàļé ţö ýöû. Ýéţ. ···················»,Saltmarrow_Chain_Sable,Chain_Sable_Tether,8,8d8003d3,
en-XA,line:0415600,"Sable: «Çöŕď'š ţîéď. Böàţ'š héŕé. Gö, öŕ Î'm ŕöwîñg wîţhöûţ ýöû. ··············»",Saltmarrow_Chain_Sable,Chain_Sable_Tether,12,435e1591,
en-XA,line:05417ab,Sable: «Ţhîŕď ļîghţhöûšé. Ýöû àškéď whö kéépš îţ. Ñöw ýöû'ŕé göîñg. ················»,Saltmarrow_Chain_Sable,Chain_Sable_Tether,15,20ac29de,
en-XA,line:009336b,Sable: «Ţéţhéŕ'š fîfţééñ. Mý ŕöwîñg'š fŕéé. Ďöñ'ţ ŕéàď àñýţhîñg îñţö ţhàţ. ·················»,Saltmarrow_Chain_Sable,Chain_Sable_Tether,16,6cfcdb86,
en-XA,line:035710a,«Fîfţééñ. Ďöñé. ····»,Saltmarrow_Chain_Sable,Chain_Sable_Tether,17,650a49be,
en-XA,line:0064794,Sable: «Fàîŕ pŕîçé. Öñļý fàîŕ öñé öñ ţhîš çöàšţ. ···········»,Saltmarrow_Chain_Sable,Chain_Sable_Tether,18,4129a82d,
en-XA,line:0c8dc7f,«Whý îš ţhé ŕöwîñg fŕéé? ······»,Saltmarrow_Chain_Sable,Chain_Sable_Tether,20,cbeefaed,
en-XA,line:02c533e,Sable: «Béçàûšé Î'm ñöţ šéļļîñg hîm. Géţ îñ. ·········»,Saltmarrow_Chain_Sable,Chain_Sable_Tether,21,7a209039,
en-XA,line:02d3f93,«...»,Saltmarrow_Chain_Sable,Chain_Sable_Tether,23,ab5df625,
en-XA,line:0cff421,Sable: «Gööď. Hé ţàļkš éñöûgh föŕ böţh öf ýöû. ··········»,Saltmarrow_Chain_Sable,Chain_Sable_Tether,24,e0bc972d,
en-XA,line:0e60b3f,"Sable: «Ŕémémbéŕ. Hé ďöéšñ'ţ kñöw. Ďöñ'ţ ţéļļ hîm. Ţhàţ'š à fàvöûŕ, ñöţ à pŕîçé. ··················»",Saltmarrow_Chain_Sable,Chain_Sable_Tether,26,407b8b8a,
en-XA,line:07e5a7d,Sable: «Àñď ţhîš. Féŕŕýmàñ'š çhàŕţéŕ. Çöméš wîţh ţhé çöŕď. Pŕîçé îš ýöû çömé bàçk. ···················»,Saltmarrow_Chain_Sable,Chain_Sable_Tether,27,ea632a1c,
en-XA,line:0682ec2,"Post: «À ţéţhéŕ-pöšţ àţ ţhé ţîďéļîñé. Ţhé ŕöpé éñďš à wîñgšpàñ öûţ, çûţ çļéàñ. ···················»",Saltmarrow_Environment,Shore_Tetherposts,7,1d0c4f99,
en-XA,line:0dc1eb8,"Post: «Çàŕvéď ļöw îñ ţhé wööď: ""Bŕîñ. Bàçk bý ďàŕk."" Éļévéñ ñöţçhéš ûñďéŕ îţ. Ţhéñ ñöñé. ····················»",Saltmarrow_Environment,Shore_Tetherposts,8,826904a9,
en-XA,line:0c22af3,"Board: «Féŕŕýméñ'š pŕîçéš. Çŕöššîñg, šîx. Ţéţhéŕ föŕ à ďàý, föŕţý. Ţéţhéŕ, àñď bàçk àgàîñ: àšk. ······················»",Saltmarrow_Environment,Quay_PriceBoard,13,921571df,
en-XA,line:0544c54,"Board: «Çhàļkéď ûñďéŕ îţ, îñ àñöţhéŕ hàñď: ""Ñöböďý àškš."" ·············»",Saltmarrow_Environment,Quay_PriceBoard,14,a904598d,
en-XA,line:032d492,"Lintel: «Övéŕ éàçh ďööŕ, à šöñg'š ñàmé, çàŕvéď. ""Ţhé Héŕöñ'š Wîfé."" ""Ļöw Wàţéŕ."" ""Ñîñé Ñéţš."" ···················»",Saltmarrow_Environment,Merrow_Lintels,19,d60f0668,
en-XA,line:05f1f37,Lintel: «Fŕéšh çhàļk îñ évéŕý ļéţţéŕ. Šöméöñé šîñgš ţhém öñ ţhé wàý pàšţ. ·················»,Saltmarrow_Environment,Merrow_Lintels,21,fd72f970,
en-XA,line:0469935,"Lintel: «Ţhé çhàļk îñ ţhé ļéţţéŕš îš fŕéšh. Îţ wàš fŕéšh ýéšţéŕďàý, îñ ţhé šàmé pļàçéš. ·····················»",Saltmarrow_Environment,Merrow_Lintels,23,ff0c47d2,
en-XA,line:097e5ba,Lintel: «Ţhé çàŕvîñg îš šţîļļ šhàŕp. Ţhé ďööŕ ûñďéŕ îţ îš pàpéŕ. ···············»,Saltmarrow_Environment,Merrow_Lintels,25,2f4ce277,
en-XA,line:01e75ef,Lintel: «Möšţ öf ţhé ďööŕš ûñďéŕ ţhém àŕé whîţé. ···········»,Saltmarrow_Environment,Merrow_Lintels,27,147e28fd,
en-XA,line:093e56b,"Log: «Ţhé fîŕšţ ļîghţ'š ļög, öpéñ öñ ţhé šîļļ. Ţhé öļď éñţŕîéš ŕéàď: ""Fļöçk šöûţh àţ ďûšk. Ļàmp képţ."" ························»",Saltmarrow_Environment,Chain_Log,33,9e4ca208,
en-XA,line:0a81e4c,"Log: «Ţhéñ, îñ ţhé šàmé hàñď, évéŕý ñîghţ àfţéŕ: ""Ļàmp ļîţ. Ñö fļöçk."" ················»",Saltmarrow_Environment,Chain_Log,34,ce9d8e34,
en-XA,line:07495cd,Log: «Ţhé ļàšţ pàgé îš föŕţý ýéàŕš öñ. Ţhé hàñď šhàkéš. Ţhé ļîñé îš ţhé šàmé. ··················»,Saltmarrow_Environment,Chain_Log,35,1283a23b,
en-XA,line:019685c,"Tapestry: «Šàļţ-šţîff, béhîñď ţhé àļţàŕ. À šký övéŕ ţhé šéà, àñď à fļöçk çŕöššîñg îţ. ···················»",Saltmarrow_Environment,Chapel_Tapestry,40,0fbf71d7,
en-XA,line:0a2fde7,Tapestry: «Ţhé šàļţ hàš éàţéñ ţhé bîŕďš. Ţhéîŕ šhàpéš àŕé höļéš. Ţhé šký îš whöļé. ···················»,Saltmarrow_Environment,Chapel_Tapestry,41,265dafba,
en-XA,line:0f10a35,"Inscription: «Föûŕţh ļîghţ öf ţhé çhàîñ. Ļîţ föŕ ţhé fļöçk, göîñg šöûţh. ···············»",Saltmarrow_Lighthouse,Lighthouse_Lamp,9,720c4441,
en-XA,line:040bd1e,"Inscription: «Šçŕàţçhéď ûñďéŕ îţ, ñéwéŕ: ""Šţîļļ ļîţ. Šţîļļ héŕé. Àšk ţhé ļîghţ whö îţ wàš föŕ."" ····················»",Saltmarrow_Lighthouse,Lighthouse_Lamp,10,c99878a4,
en-XA,line:0d1c306,Inscription: «Ţhé höûšîñg îš wàŕm. Šöméţhîñg ûp ţhéŕé îš kéépîñg ţhé ļàmp. ················»,Saltmarrow_Lighthouse,Lighthouse_Lamp,12,cb2d3241,
en-XA,line:04d5289,Halvard: «Jöûŕñéýmàñ Wŕéñ. Ţhŕéé pàçéš. Šţàý îñ ţhém. ············»,Saltmarrow_Lighthouse,Lighthouse_Halvard_Hunt,18,2afa6a87,
en-XA,line:0edb6ed,Halvard: «Bý ţhé Gûîļď'š çöûñţ ýöû àŕé mîššîñg. Mîššîñg ďöéš ñöţ çàŕŕý à ļîçéñçé. ···················»,Saltmarrow_Lighthouse,Lighthouse_Halvard_Hunt,19,601754a2,
en-XA,line:010eab4,Halvard: «Îšöļďé Màŕŕ îš ďéàď bý ţhé šàmé çöûñţ. Îţ wàš ţàkéñ ţhé möŕñîñg àfţéŕ. ···················»,Saltmarrow_Lighthouse,Lighthouse_Halvard_Hunt,20,9638c3b1,
en-XA,line:063f406,«À çöûñţ îšñ'ţ à šûŕvéý. ······»,Saltmarrow_Lighthouse,Lighthouse_Halvard_Hunt,21,a8783a55,
en-XA,line:02aa54a,Halvard: «Ñö. À šûŕvéý wöûļď hàvé çöšţ à ďàý. Ţhé Gûîļďmàšţéŕ gàvé îţ àñ höûŕ. ··················»,Saltmarrow_Lighthouse,Lighthouse_Halvard_Hunt,22,6d8c8d70,
en-XA,line:04a3cea,«Šàý héŕ ñàmé àgàîñ àñď Î'ļļ méàšûŕé ýöû. ···········»,Saltmarrow_Lighthouse,Lighthouse_Halvard_Hunt,23,db819e56,
en-XA,line:0567fd1,Halvard: «Ţhé Wàŕďéñ'š vöîçé. Šhé ţàûghţ ýöû ţhàţ ţöö. Kéép îţ. Ýöû'ļļ ñééď îţ. ·················»,Saltmarrow_Lighthouse,Lighthouse_Halvard_Hunt,24,c258d065,
en-XA,line:02c4bfe,«...»,Saltmarrow_Lighthouse,Lighthouse_Halvard_Hunt,25,ab5df625,
en-XA,line:08895df,Halvard: «Šîļéñçé îš ñöţ à pļéà. Î'ļļ éñţéŕ îţ àš öñé. ···········»,Saltmarrow_Lighthouse,Lighthouse_Halvard_Hunt,26,4570b3ca,
en-XA,line:079413b,Halvard: «Ţhé ļàmp ýöû ļîţ îš Gûîļď pŕöpéŕţý. Šö îš ţhé màp îñ ýöûŕ héàď. ················»,Saltmarrow_Lighthouse,Lighthouse_Halvard_Hunt,27,1ca89b9e,
en-XA,line:0cd9580,Halvard: «Šûŕŕéñďéŕ ţhé pàgéš àţ Hàļďéñ àñď ýöû'ŕé à jöûŕñéýmàñ àgàîñ. Kéép ţhém àñď ýöû'ŕé à hûñţ. ························»,Saltmarrow_Lighthouse,Lighthouse_Halvard_Hunt,28,b155c0a7,
en-XA,line:0024ed6,«Ţhéñ Î'm à hûñţ. ····»,Saltmarrow_Lighthouse,Lighthouse_Halvard_Hunt,29,ca213f00,
en-XA,line:0a13ae1,"Halvard: «Ñöţéď. Föûŕ pàçéš, ñöw. Î'vé méàšûŕéď ýöûŕ ŕéàçh. ·············»",Saltmarrow_Lighthouse,Lighthouse_Halvard_Hunt,30,b537f1d8,
en-XA,line:087038d,«Whàţ'š ţhé pŕîçé öf à ļîçéñçé? ········»,Saltmarrow_Lighthouse,Lighthouse_Halvard_Hunt,31,3010720c,
en-XA,line:04cb6bb,Halvard: «Évéŕýţhîñg ýöû'vé ďŕàwñ šîñçé ţhé Éďgé. Ýöû'ļļ héàŕ ţhàţ öfféŕ öñçé möŕé. Ñöţ fŕöm mé. ·······················»,Saltmarrow_Lighthouse,Lighthouse_Halvard_Hunt,32,542a438e,
en-XA,line:03065b7,«...»,Saltmarrow_Lighthouse,Lighthouse_Halvard_Hunt,33,ab5df625,
en-XA,line:0974990,Halvard: «Éñţéŕéď. Ţhé ŕééďš çàŕŕý îţ ţö Hàļďéñ fàšţéŕ ţhàñ Î çàñ. ···············»,Saltmarrow_Lighthouse,Lighthouse_Halvard_Hunt,34,417483c7,
en-XA,line:0a2f582,"Halvard: «Hàļďéñ, öŕ béföŕé. Ţhé ļàñçé kéépš îţš öwñ çöûñţ. ·············»",Saltmarrow_Lighthouse,Lighthouse_Halvard_Hunt,35,f7b5ab82,
en-XA,line:0f27326,Halvard: «Föûŕ pàçéš. ···»,Saltmarrow_Lighthouse,Lighthouse_Halvard_Idle,42,a19453a2,
en-XA,line:072a47b,Dotha: «Šîţ îf ýöû'ŕé šîţţîñg. Šţàñď îf ýöû'ŕé Gûîļď. ············»,Saltmarrow_MerrowsEnd_Dotha,Merrow_Dotha,14,c010e894,
en-XA,line:0147bb2,«Î'm šîţţîñg. ···»,Saltmarrow_MerrowsEnd_Dotha,Merrow_Dotha,15,f34c13ad,
en-XA,line:06f18dd,"Dotha: «Ţhéñ ýöû'ŕé ñöţ Gûîļď. Ţhéý ďöñ'ţ. Ţhé wàx, ţhéý šàý. Ŕûîñš ţhé kñééš. ·················»",Saltmarrow_MerrowsEnd_Dotha,Merrow_Dotha,16,1ee8e599,
en-XA,line:0b30913,«Whîçh àŕé ýöû? ····»,Saltmarrow_MerrowsEnd_Dotha,Merrow_Dotha,17,ab8e8653,
en-XA,line:0efff47,Dotha: «Ţhé ļàšţ. Ţhàţ'š ñöţ à fàçţîöñ. ········»,Saltmarrow_MerrowsEnd_Dotha,Merrow_Dotha,18,873df0c5,
en-XA,line:0202b5c,«...»,Saltmarrow_MerrowsEnd_Dotha,Merrow_Dotha,19,ab5df625,
en-XA,line:0de4631,Dotha: «Qûîéţ öñé. Ţhé wàţéŕ wîļļ ļîké ýöû. ·········»,Saltmarrow_MerrowsEnd_Dotha,Merrow_Dotha,20,22cfb20f,
en-XA,line:04c6f53,"Dotha: «Méŕŕöw'š Éñď hàď éļévéñ šöñgš àñď föŕţý ŕööfš. Ñîñé àñď öñé, ñöw. Çöûñţ ţhém ýöûŕšéļf. ·······················»",Saltmarrow_MerrowsEnd_Dotha,Merrow_Dotha,22,01a1efa9,
en-XA,line:0dc6c14,Dotha: «Ţhé böàŕď hàš mý ñàmé öñ îţ. Hàš föŕ ţhŕéé šéàšöñš. Ñöböďý ŕéàďš ţhàţ fàŕ ďöwñ. ·····················»,Saltmarrow_MerrowsEnd_Dotha,Merrow_Dotha,25,005d1dae,
en-XA,line:02287ff,Dotha: «Ýöû ŕéàď ţhàţ fàŕ ďöwñ. Hm. ·······»,Saltmarrow_MerrowsEnd_Dotha,Merrow_Dotha_Season,31,85425208,
en-XA,line:0943c2c,Dotha: «Méŕŕöw'š Éñď hàď éļévéñ šöñgš. Î hàvé ñîñé öf ţhém. Ţhé öţhéŕ ţwö wéñţ wîţh péöpļé. ······················»,Saltmarrow_MerrowsEnd_Dotha,Merrow_Dotha_Season,32,1ede05d0,
en-XA,line:08f5d6a,Dotha: «Ţhé fîŕšţ öñé îš àböûţ wéàţhéŕ. Šîţ. Îţ'š šhöŕţ. Évéŕýţhîñg ţŕûé îš. ··················»,Saltmarrow_MerrowsEnd_Dotha,Merrow_Dotha_Season,33,354397d3,
en-XA,line:02dd192,Dotha: «Ñîñé šöñgš. Šţîļļ ñîñé. Ďéçîďé béföŕé îţ'š éîghţ. ·············»,Saltmarrow_MerrowsEnd_Dotha,Merrow_Dotha_Season,36,df69bad5,
en-XA,line:01c480c,Dotha: «Ţhéñ ýöû ďéçîďé whàţ ţhé màp šàýš àböûţ ûš. Ţhàţ'š whàţ ţhé çöwļ'š föŕ. ··················»,Saltmarrow_MerrowsEnd_Dotha,Merrow_Dotha_Season,38,58dc6640,
en-XA,line:0728075,«Wŕîţé îţ àš îţ wàš. Šîñg ţhé ñîñé. ·········»,Saltmarrow_MerrowsEnd_Dotha,Merrow_Dotha_Season,39,f3d7852a,
en-XA,line:01dac57,Dotha: «Àš îţ wàš. Ñöböďý'š àškéď föŕ ţhàţ îñ föŕţý ýéàŕš. ·············»,Saltmarrow_MerrowsEnd_Dotha,Merrow_Dotha_Season,40,04f6aa4e,
en-XA,line:0f1dc04,"Dotha: «Géţ ýöûŕ qûîļļ öûţ, ţhéñ. Šļöwļý. Wéàţhéŕ fîŕšţ. ·············»",Saltmarrow_MerrowsEnd_Dotha,Merrow_Dotha_Season,41,993a557c,
en-XA,line:0f8d6e8,«Ļéţ îţ gö. Kéép ţhé šöñgš. ·······»,Saltmarrow_MerrowsEnd_Dotha,Merrow_Dotha_Season,45,20c11308,
en-XA,line:0250b3c,"Dotha: «Kîñď, Î šûppöšé. Kîñďéŕ ţhàñ ţhé Gûîļď màñàgéš. ·············»",Saltmarrow_MerrowsEnd_Dotha,Merrow_Dotha_Season,46,c6c63c10,
en-XA,line:076b7cd,"Dotha: «Î'ļļ šîñg ţhém ţö ţhé wàţéŕ, ţhéñ. Îţ ļîšţéñš àš wéļļ àš àñýöñé. ················»",Saltmarrow_MerrowsEnd_Dotha,Merrow_Dotha_Season,47,108c6e12,
en-XA,line:00f912a,«Wàļk îţ wîţh mé. Àļļ öf îţ. ·······»,Saltmarrow_MerrowsEnd_Dotha,Merrow_Dotha_Season,50,1217e2f8,
en-XA,line:03707ab,"Dotha: «Ýöû héàŕď ţhé whàļé, ţhéñ. Ţhàţ'š ţhé šhàpé öf îţ. Öļď àš ţhé bŕîďgé. ·················»",Saltmarrow_MerrowsEnd_Dotha,Merrow_Dotha_Season,51,63b9a063,
en-XA,line:0150a02,"Dotha: «Šţàñď whéŕé Î šàý, whéñ Î šàý îţ. Ţhàţ'š àļļ à vîļļàgé évéŕ wàš. ················»",Saltmarrow_MerrowsEnd_Dotha,Merrow_Dotha_Season,52,40851162,
en-XA,line:0cb81cb,Dotha: «Wàļkéď. Àļļ öf îţ. Ñöböďý'š wàļkéď îţ îñ föŕţý ýéàŕš; ţhé wàţéŕ wàš šûŕpŕîšéď. ····················»,Saltmarrow_MerrowsEnd_Dotha,Merrow_Dotha_After,59,b0b2c288,
en-XA,line:08ff22f,Dotha: «Çömé bàçk àţ ďûšk. Wé'ļļ wàļk îţ àgàîñ. Ţhàţ'š ţhé whöļé ţŕîçk. ················»,Saltmarrow_MerrowsEnd_Dotha,Merrow_Dotha_After,60,e9644a84,
en-XA,line:067db8a,Dotha: «Ñîñé šöñgš. Ýöû göţ ţhé éîghţh öñé wŕöñg. Ļéàvé îţ wŕöñg. Îţ'š öûŕš ñöw. ··················»,Saltmarrow_MerrowsEnd_Dotha,Merrow_Dotha_After,63,90aa79f9,
en-XA,line:003f8bd,"Dotha: «Ýöû wŕöţé îţ ďöwñ. Ñöw šéàļ îţ, öŕ ţhé wŕîţîñg'š jûšţ wéàţhéŕ. ················»",Saltmarrow_MerrowsEnd_Dotha,Merrow_Dotha_After,65,e7e78c33,
en-XA,line:027a19d,Dotha: «Šţîļļ héŕé. Ţhé wàţéŕ'š à pööŕ àûďîéñçé bûţ îţ ñévéŕ ļéàvéš éàŕļý. ··················»,Saltmarrow_MerrowsEnd_Dotha,Merrow_Dotha_After,68,a1d0b6bf,
en-XA,line:0a54fb0,"Dotha: «Ţhé ŕööfš àŕé göîñg. Î çàñ šéé ţhé ŕééďš ţhŕöûgh ţhé Màŕŕöw höûšé. Gööď ŕööf, ţhàţ wàš. ·······················»",Saltmarrow_MerrowsEnd_Dotha,Merrow_Dotha_After,70,310cb101,
en-XA,line:0e088d8,Dotha: «Ñöţ ñöw. Ţhé wàţéŕ'š ļîšţéñîñg. ········»,Saltmarrow_MerrowsEnd_Dotha,Merrow_Dotha_Water,78,8383d58b,
en-XA,line:09f8e6a,"Dotha: «Àšļéép, öŕ ñéàŕ éñöûgh. Àšk mé îñ ţhé ļîghţ. ···········»",Saltmarrow_MerrowsEnd_Dotha,Merrow_Dotha_Night,83,1b474d3a,
en-XA,line:099e11a,"Door: «Öpéñ. Ţhé ŕéļîqûàŕý béhîñď îţ îš émpţý ñöw, àñď ďŕý. ··············»",Saltmarrow_Offerings,Chapel_Door,8,cba29550,
en-XA,line:02032f7,"Door: «Šàļţ-éàţéñ pàpéŕ béhîñď ţhé àļţàŕ, çûţ wîţh öñé ļîñé: ""Šîñg mé îñ."" ·················»",Saltmarrow_Offerings,Chapel_Door,11,770eb264,
en-XA,line:04b66c0,Door: «Îţ wàîţš. Ñöböďý öñ ţhîš çöàšţ šîñgš àñý möŕé. Ñéàŕļý ñöböďý. ················»,Saltmarrow_Offerings,Chapel_Door,13,5d437539,
en-XA,line:070e4ba,Door: «Ţhé šöñgš àŕé šéàļéď îñţö Méŕŕöw'š Éñď. Ţhé ďööŕ ďöéšñ'ţ çàŕé. ················»,Saltmarrow_Offerings,Chapel_Door,17,66fb547b,
en-XA,line:0f11ec6,«Wéàţhéŕ fîŕšţ. Ţhéñ ţhé ŕéšţ. ········»,Saltmarrow_Offerings,Chapel_Door,19,e58f8100,
en-XA,line:0e5e53e,"Door: «Ţhé pàpéŕ ţàkéš ţhé šöñgš, wéàţhéŕ fîŕšţ. Îţ öpéñš ļîké à pàgé ţûŕñîñg. ···················»",Saltmarrow_Offerings,Chapel_Door,21,8f2d11a1,
en-XA,line:0243a46,"Door: «Béhîñď îţ, ţhé ŕéļîqûàŕý: ţwö šçŕàpš öf gööď véļļûm, àñď ñöţhîñg éļšé. ···················»",Saltmarrow_Offerings,Chapel_Door,22,5da52e6f,
en-XA,line:09b2a06,«Ñöţ ţhéšé. Ţhéý'ŕé Ďöţhà'š. ·······»,Saltmarrow_Offerings,Chapel_Door,23,1a448248,
en-XA,line:091e6ff,Door: «Îţ wàîţš. Ďööŕš àŕé pàţîéñţ öñ ţhîš çöàšţ. ···········»,Saltmarrow_Offerings,Chapel_Door,24,e056bd93,
en-XA,line:058c806,«...»,Saltmarrow_Offerings,Chapel_Door,25,ab5df625,
en-XA,line:0780568,Door: «Šàļţ šéţţļéš öñ ţhé ļîñé. Îţ çàñ wàîţ. ··········»,Saltmarrow_Offerings,Chapel_Door,26,9490a156,
en-XA,line:07f1968,Gannet: «Éļévéñ hûñďŕéď àñď šîx. Î ţéļļ ţhé wàţéŕ. Îţ ļîkéš à ñûmbéŕ. ················»,Saltmarrow_Offerings,Chain_Gannet,32,d0b2016f,
en-XA,line:0db1151,Gannet: «Hàvé ýöû éàţéñ? Gööď. Ţhé böàţš gö öûţ évéŕý möŕñîñg. Whö çöméš bàçk? ··················»,Saltmarrow_Offerings,Chain_Gannet,35,7f9a6f3f,
en-XA,line:052deca,«Éļévéñ hûñďŕéď àñď šîx. Šàbļé çöûñţéď. ···········»,Saltmarrow_Offerings,Chain_Gannet,36,8f308367,
en-XA,line:071f692,Gannet: «Éļévéñ hûñďŕéď àñď šîx. Möŕé ţhàñ Î ţhöûghţ. Féwéŕ ţhàñ gö. ················»,Saltmarrow_Offerings,Chain_Gannet,38,1d573679,
en-XA,line:0160e93,"Gannet: «Šééď, föŕ ţhé ñûmbéŕ. Î képţ îţ föŕ whöévéŕ kñéw. ·············»",Saltmarrow_Offerings,Chain_Gannet,39,f26985c3,
en-XA,line:08991ed,«Î ďöñ'ţ kñöw. ···»,Saltmarrow_Offerings,Chain_Gannet,40,810d7c3c,
en-XA,line:0e4fbc1,Gannet: «Ñöböďý kñöwš. Àšk ţhé öñé whö ñàméš ţhé pŕîçéš. ·············»,Saltmarrow_Offerings,Chain_Gannet,41,33f55777,
en-XA,line:01f5cba,«...»,Saltmarrow_Offerings,Chain_Gannet,42,ab5df625,
en-XA,line:05cca27,"Gannet: «Qûîéţ. Ţhéý àŕé qûîéţ ţöö, göîñg öûţ. ··········»",Saltmarrow_Offerings,Chain_Gannet,43,e30d801d,
en-XA,line:04ec1af,"Sable: «Föûñď ýöûŕ fééţ, ţhéñ. Ţhé böàŕďwàļk çhàŕgéš bý ţhé pļàñk. ················»",Saltmarrow_Quay_Sable,Quay_Sable_First,18,786db36a,
en-XA,line:0db64fa,Sable: «Wöŕď çàmé ûp ţhé çöàšţ béföŕé ýöû ďîď. Ţhé Gûîļď'š ďéçļàŕéď Îšöļďé Màŕŕ ďéàď. ·····················»,Saltmarrow_Quay_Sable,Quay_Sable_First,19,632ee965,
en-XA,line:0fe970e,Sable: «Àñď à jöûŕñéýmàñ mîššîñg. Šàmé ďàý. Ţhéý wéŕé qûîçk àböûţ îţ. ················»,Saltmarrow_Quay_Sable,Quay_Sable_First,20,d34a871a,
en-XA,line:0ce18a2,«Qûîçk îšñ'ţ ţhé šàmé àš šûŕé. ········»,Saltmarrow_Quay_Sable,Quay_Sable_First,21,629bd1b6,
en-XA,line:0bd4754,Sable: «Ñö. Bûţ îţ'š çhéàpéŕ. ·····»,Saltmarrow_Quay_Sable,Quay_Sable_First,22,af11e8b6,
en-XA,line:0de39ab,«Šhé îšñ'ţ ďéàď. ····»,Saltmarrow_Quay_Sable,Quay_Sable_First,23,b3499ec4,
en-XA,line:03aadda,Sable: «Ñöböďý çöméš öûţ. Ţhàţ'š ţhé pŕîçé öf göîñg îñ. Î ďöñ'ţ šéţ îţ. ················»,Saltmarrow_Quay_Sable,Quay_Sable_First,24,6f1168de,
en-XA,line:020eb6d,«...»,Saltmarrow_Quay_Sable,Quay_Sable_First,25,ab5df625,
en-XA,line:043c8aa,Sable: «Qûîéţ çöšţš ñöţhîñg. Kéép îţ. ········»,Saltmarrow_Quay_Sable,Quay_Sable_First,26,75b91c98,
en-XA,line:04c5f18,"Sable: «Ýöû'ļļ wàñţ ţhé ďéšk, ţhé böàŕď, àñď ţhé ļàmp ûp ţhé çhàîñ. Îñ ţhàţ öŕďéŕ. ···················»",Saltmarrow_Quay_Sable,Quay_Sable_First,27,0560bf67,
en-XA,line:0fdcd96,Sable: «Ţhé ļàmp'š ñöţ fŕéé éîţhéŕ. Ñöţhîñg ţhàţ šţîļļ ŕémémbéŕš îš. ················»,Saltmarrow_Quay_Sable,Quay_Sable_First,28,eea0576f,
en-XA,line:07a13bc,"Sable: «Àñçhöŕéď, ţhéñ. Ţhé šàmé ţîďé évéŕý ďàý ñöw. Ýöû'ļļ géţ ûšéď ţö îţ. Évéŕýöñé ďöéš. ·····················»",Saltmarrow_Quay_Sable,Quay_Sable_Again,35,a168635b,
en-XA,line:009c3fe,Sable: «Ţhé Wàŕďéñš ďöñ'ţ bûý àñýţhîñg. Bàď föŕ ţŕàďé. ············»,Saltmarrow_Quay_Sable,Quay_Sable_Again,36,a8a45fe8,
en-XA,line:0f459b3,"Sable: «Héļď, îš îţ. Ŕöļļ-çàļļ àţ ďûšk. Ďöñ'ţ bé ļàţé; à bîŕď ñöböďý ñàméš îš à bîŕď ñöböďý kéépš. ······················»",Saltmarrow_Quay_Sable,Quay_Sable_Again,38,b2604005,
en-XA,line:0e9e3d0,"Sable: «Ýöû ļéţ îţ gö. Höñéšţ, àţ ļéàšţ. Î'ļļ šéļļ ţéţhéŕš whîļé ţhéŕé'š à pöšţ ţö ţîé ţhém ţö. ······················»",Saltmarrow_Quay_Sable,Quay_Sable_Again,40,ae1bc937,
en-XA,line:09fc3ee,Sable: «Ûñļîçéñšéď. Hé šàîď îţ ļöûď éñöûgh föŕ ţhé ŕééďš. ·············»,Saltmarrow_Quay_Sable,Quay_Sable_Again,42,d8b98919,
en-XA,line:0e606c9,Sable: «Pŕîçéš àŕé ţhé šàmé. Ţhàţ'š ţhé öñé ţhîñg ţhé Gûîļď çàñ'ţ fîx. ················»,Saltmarrow_Quay_Sable,Quay_Sable_Again,43,b4e9cdab,
en-XA,line:02eba6b,Sable: «Föûŕţh ļîghţ'š ûp. Šhîpš wîļļ šéé îţ. Šö wîļļ ţhé Gûîļď. ··············»,Saltmarrow_Quay_Sable,Quay_Sable_Again,45,0950006a,
en-XA,line:0695736,Sable: «Šţîļļ héŕé. Šţîļļ ļöšţ. Böţh çöšţ ţhé šàmé. ···········»,Saltmarrow_Quay_Sable,Quay_Sable_Again,47,1abcd85b,
en-XA,line:05adab6,"Sable: «Béļļš îñ ţhé ŕééďš. Méŕŕöw'š Éñď wéñţ öff ýöûŕ pàgé, ďîďñ'ţ îţ. ················»",Saltmarrow_Quay_Sable,Quay_Sable_Again,50,723c6ea5,
en-XA,line:0378ecf,Sable: «Ďŕàw îţ àgàîñ. Ţhàţ'š whàţ ţhé qûîļļ îš föŕ. Ţhé béļļ ďöéšñ'ţ çhàŕgé; ţhé wàļk bàçk ďöéš. ·······················»,Saltmarrow_Quay_Sable,Quay_Sable_Again,51,d874ac88,
en-XA,line:0723e53,"Sable: «Ýöû ďŕéw ţhé Ŕééďmöţhéŕ. Hm. Gûîļď àfţéŕ àļļ, öŕ gööď àţ pŕéţéñďîñg. ··················»",Saltmarrow_Quay_Sable,Quay_Sable_Again,58,86debf6e,
en-XA,line:02c3db4,Sable: «Whàļé šàñg whîļé ýöû wéŕé ûp ţhéŕé. Ûñďéŕ ţhé bŕîďgé. Ýöû héàŕ îţ? ·················»,Saltmarrow_Quay_Sable,Quay_Sable_Again,62,40c2860c,
en-XA,line:0e2e1fb,«Î héàŕď îţ. Îţ šöûñďéď ļîké ñàméš. ·········»,Saltmarrow_Quay_Sable,Quay_Sable_Again,63,547bc315,
en-XA,line:03b9cd0,Sable: «Évéŕýöñé šàýš ñàméš. Ñöböďý àgŕééš whöšé. ············»,Saltmarrow_Quay_Sable,Quay_Sable_Again,64,ceb6ed3b,
en-XA,line:0ff71b0,«Î héàŕď ñöţhîñg. ·····»,Saltmarrow_Quay_Sable,Quay_Sable_Again,66,dec6affb,
en-XA,line:0a39711,Sable: «Ţhéñ ýöû wéŕéñ'ţ ļîšţéñîñg. Gö àgàîñ. Îţ'š böñéš; îţ'ļļ wàîţ. ···············»,Saltmarrow_Quay_Sable,Quay_Sable_Again,67,7eee942b,
en-XA,line:02316e4,«...»,Saltmarrow_Quay_Sable,Quay_Sable_Again,68,ab5df625,
en-XA,line:08823bd,Sable: «Ţhàţ'š höw îţ šţàŕţš. Ļîšţéñîñg föŕ îţ. ··········»,Saltmarrow_Quay_Sable,Quay_Sable_Again,69,bcfcc832,
en-XA,line:01c329f,"Sable: «Ţhéŕé'š à vàñţàgé bý ţhé öļď ŕééď. Ďŕàw îţ, îf ţhé çöwļ'š höñéšţ. ················»",Saltmarrow_Quay_Sable,Quay_Sable_Again,72,b410259e,
en-XA,line:0b6a494,Sable: «Böàŕď bý ţhé ďéšk îš ţhé ļéďgéŕ. Péöpļé wŕîţé whàţ ţhéý wàñţ àñď çàñ'ţ šàý àļöûď. ·····················»,Saltmarrow_Quay_Sable,Quay_Sable_Again,75,41f9a92c,
en-XA,line:0a71fa2,"Sable: «Ŕéàď ţhàţ fàŕ ďöwñ, îf ýöû ļîké. Ñöböďý éļšé ďöéš. ·············»",Saltmarrow_Quay_Sable,Quay_Sable_Again,76,5d9eebf8,
en-XA,line:0fbe33c,Sable: «Héàŕď ýöû wàļkéď ţhé öļď wömàñ'š böûñďš. Ñöböďý šéļļš ţhàţ. Î çhéçkéď. ···················»,Saltmarrow_Quay_Sable,Quay_Sable_Again,81,feb86c00,
en-XA,line:082f994,«Whàţ àŕé ýöû šéļļîñg? ······»,Saltmarrow_Quay_Sable,Quay_Sable_Again,85,fc1dd6d9,
en-XA,line:0457a7c,Sable: «Ţööļš. Féŕŕýméñ'š pŕîçéš. ·······»,Saltmarrow_Quay_Sable,Quay_Sable_Again,86,215224fe,
en-XA,line:0b3f86f,Sable: «Ďéàŕéŕ ţhàñ ţhéý wéŕé. Àšk ţhé öñéš whö bûŕñéď ţhé fîéļďš. ················»,Saltmarrow_Quay_Sable,Quay_Sable_Again,88,589491d1,
en-XA,line:02f3a83,«Ţhé ţhîŕď ļîghţhöûšé. Whö kéépš îţ? ··········»,Saltmarrow_Quay_Sable,Quay_Sable_Again,91,26a74918,
en-XA,line:04e2f6a,Sable: «Ñöböďý. Îţ fàďéď. Ţhéŕé'š à ţéţhéŕ ţö îţ öñ ţhé pöšţ; pŕîçé öñ ţhé ţàg. ··················»,Saltmarrow_Quay_Sable,Quay_Sable_Again,92,0eec10d3,
en-XA,line:0b53921,Sable: «Mý bŕöţhéŕ képţ îţ. Kéépš îţ. Hé ďöéšñ'ţ kñöw ţhé ďîfféŕéñçé. ················»,Saltmarrow_Quay_Sable,Quay_Sable_Again,93,0ce6c843,
en-XA,line:03f72ab,Sable: «Ďöñ'ţ ţéļļ hîm. Ţhàţ'š ñöţ à pŕîçé. Ţhàţ'š à fàvöûŕ. ·············»,Saltmarrow_Quay_Sable,Quay_Sable_Again,94,e06cba74,
en-XA,line:0b72e2a,«Ñöţhîñg ţöďàý. ····»,Saltmarrow_Quay_Sable,Quay_Sable_Again,96,4dbad6a1,
en-XA,line:0d7eb7a,Sable: «Çhéàpéŕ. ···»,Saltmarrow_Quay_Sable,Quay_Sable_Again,97,bb91aff1,
en-XA,line:0e14292,Sable: «Ţhé wîďöw àţ ţhé ţéţhéŕ-pöšţ àškéď àfţéŕ ýöû. Fîŕšţ ţîmé šhé'š àškéď àfţéŕ àñýöñé. ······················»,Saltmarrow_Quay_Sable,Quay_Sable_Widow,102,e1cb4da8,
en-XA,line:02a58b5,Sable: «Šhé méàñš ţö gö îñ àfţéŕ hîm. Ŕöpé'š àļŕéàďý ŕöûñď héŕ wàîšţ. Î šöļď îţ ţö héŕ. ····················»,Saltmarrow_Quay_Sable,Quay_Sable_Widow,103,f5375944,
en-XA,line:011c394,«Ţàļk héŕ öûţ öf îţ. ·····»,Saltmarrow_Quay_Sable,Quay_Sable_Widow,104,3bd64812,
en-XA,line:0bcf3ef,"Sable: «Î'ļļ çàŕŕý îţ. Šhé wöñ'ţ ļîšţéñ. Ţhéý ñévéŕ ďö, àñď ţhéñ ţhéý ďö. ················»",Saltmarrow_Quay_Sable,Quay_Sable_Widow,105,ee02b6ba,
en-XA,line:00b4603,«Ţhéñ šöméböďý göéš wîţh héŕ. Mé. ·········»,Saltmarrow_Quay_Sable,Quay_Sable_Widow,107,72d4b047,
en-XA,line:0d72818,Sable: «Ţhéñ Î höļď ţhé öţhéŕ éñď. Î'vé héļď wöŕšé. ···········»,Saltmarrow_Quay_Sable,Quay_Sable_Widow,108,f807bd9c,
en-XA,line:0a60e5e,«...»,Saltmarrow_Quay_Sable,Quay_Sable_Widow,110,ab5df625,
en-XA,line:0c8179b,Sable: «Ţhàţ'š àñ àñšwéŕ ţöö. Šhé'ļļ ţàké îţ àš ţhé šéçöñď öñé. ··············»,Saltmarrow_Quay_Sable,Quay_Sable_Widow,111,14712f7d,
en-XA,line:0032910,Sable: «Ýöû'ļļ wàñţ šöméţhîñg ţŕûé föŕ ţhàţ pàgé öf ýöûŕš. Héŕé. Îţ'š fŕéé. ·················»,Saltmarrow_Quay_Sable,Quay_Sable_Widow,113,241a4496,
en-XA,line:02cea24,"Sable: «Šîñçé ţhé fàļļ, éļévéñ hûñďŕéď àñď šîx böàţš hàvé çömé bàçk ţö ţhîš qûàý. Î çöûñţéď évéŕý öñé. ·························»",Saltmarrow_Quay_Sable,Quay_Sable_Widow,114,a581ac24,
en-XA,line:07698e0,Sable: «Ţhàţ'š ţhé ñûmbéŕ Î gîvé àwàý. ········»,Saltmarrow_Quay_Sable,Quay_Sable_Widow,115,72da78e3,
en-XA,line:01df1f3,Sable: «Qûàý'š šhûţ. Šö àm Î. ·····»,Saltmarrow_Quay_Sable,Quay_Sable_Night,122,aff9d2f1,
en-XA,line:0f8e732,"Sable: «Möŕñîñg, îf ýöû'ŕé šţîļļ héŕé. Möšţ àŕéñ'ţ. ···········»",Saltmarrow_Quay_Sable,Quay_Sable_Night,123,331fc2e2,
en-XA,line:03bf87a,"Teodor: «Ţhé šqûàŕé îš pàpéŕ ñöw. Ţhéý àŕé îñ ţhé Bļàñk, çàŕţögŕàphéŕ. Ţhéý àškéď föŕ ţhàţ. Ţhéý àŕé wéļļ. ·························»",Verdance_Aldermere_Teodor,Aldermere_Teodor,8,4c5311f6,
en-XA,line:085ae22,"Hollin: «Ýöû àŕé ţhé öñé whö šţöppéď îţ. Ţhàñk ýöû, Î šûppöšé. Wé àŕé šţîļļ héŕé. Wé àŕé šţîļļ héŕé. ·······················»",Verdance_Aldermere_Teodor,Aldermere_Teodor,12,481e7c39,
en-XA,line:067ff9b,Hollin: «Wéļçömé ţö Àļďéŕméŕé. Ţhéŕé îš bŕéàď. Ţhéŕé îš àļwàýš bŕéàď öñ ţhé ļàšţ ďàý. ····················»,Verdance_Aldermere_Teodor,Aldermere_Teodor,15,83d9e639,
en-XA,line:0dc835b,"Hollin: «Wé vöţéď. Évéŕý hàñď. Ţhé Gûîļď wàñţéď föûŕ hûñďŕéď çŕöwñš à šţŕééţ, àñď ţhéñ wé wöûļď bé ţhé šàmé föŕévéŕ. ····························»",Verdance_Aldermere_Teodor,Aldermere_Teodor,16,f5c9827b,
en-XA,line:0af2746,Hollin: «Wé wöûļď ŕàţhéŕ bé ŕémémbéŕéď ţhàñ képţ. Ţhé bŕöţhéŕš wéŕé kîñď éñöûgh ţö àšk ûš ţwîçé. ························»,Verdance_Aldermere_Teodor,Aldermere_Teodor,17,eb6dbbd3,
en-XA,line:01bb513,Teodor: «Ţhŕéé ţîméš. Î àškéď ţhŕéé ţîméš. Î màďé šûŕé. ············»,Verdance_Aldermere_Teodor,Aldermere_Teodor,18,255c6d67,
en-XA,line:0927bd2,«Ţhéñ Î'ļļ šţàý ţö ţhé éñď. ·······»,Verdance_Aldermere_Teodor,Aldermere_Teodor,19,8f902e1d,
en-XA,line:0bdd5a3,«Î wöñ'ţ ļéţ ýöû fàďé. ·····»,Verdance_Aldermere_Teodor,Aldermere_Teodor,21,f72c0314,
en-XA,line:03aa299,«Whö wîļļ ŕémémbéŕ ýöû? ······»,Verdance_Aldermere_Teodor,Aldermere_Teodor,23,bda71f42,
en-XA,line:01796f6,Hollin: «Ýöû wîļļ. Ţhàţ îš whý wé àŕé gļàď ýöû çàmé. À vîšîţöŕ îš ţhé béšţ kîñď öf mémöŕý. ·····················»,Verdance_Aldermere_Teodor,Aldermere_Teodor,24,2c82e771,
en-XA,line:098c7b0,Hollin: «Šţàý bý ţhé bŕéàď. Ţhé béļļš šţàŕţ àţ ďûšk. Îţ ďöéš ñöţ hûŕţ. Bŕöţhéŕ Ţéöďöŕ hàš ďöñé ţhîš béföŕé. ··························»,Verdance_Aldermere_Teodor,Aldermere_Attend,30,7af22028,
en-XA,line:027960b,"Teodor: «Ţhé kîñďéšţ ţhîñg ýöû wîļļ šéé, çàŕţögŕàphéŕ. Î àm gļàď îţ îš ýöû wàţçhîñg. ····················»",Verdance_Aldermere_Teodor,Aldermere_Attend,31,2c4d0335,
en-XA,line:095ba84,"Hollin: «Whéñ ýöû pàšš àgàîñ, ďö ñöţ ļöök föŕ ûš. Ļöök föŕ ţhé àšh fîéļď. Wé wîļļ bé îñ îţ. ····················»",Verdance_Aldermere_Teodor,Aldermere_Attend,32,a97eb78c,
en-XA,line:056adf3,Teodor: «Àh. Màý Î šàý à ţhîñg ýöû wîļļ ñöţ ļîké? Ţhéý ďîď ñöţ àšk ýöû. ···············»,Verdance_Aldermere_Teodor,Aldermere_Stop,42,d80a993c,
en-XA,line:07e3080,Hollin: «Pļéàšé. Pûţ ţhé qûîļļ ďöwñ. Wé vöţéď. ··········»,Verdance_Aldermere_Teodor,Aldermere_Stop,43,977e8bce,
en-XA,line:086ca69,"«Pûţ ţhé béļļš ďöwñ, ţhéñ. ·······»",Verdance_Aldermere_Teodor,Aldermere_Stop,44,204b076a,
en-XA,line:0aedf36,Teodor: «Ţhé Çhöîŕ wîļļ ñöţ. Ţhéý šîñg whàţ wàš àškéď öf ţhém. Î wîļļ ñéîţhéŕ šţöp ţhém ñöŕ héļp ţhém. ························»,Verdance_Aldermere_Teodor,Aldermere_Stop,45,61ab32c8,
en-XA,line:035eb61,«...»,Verdance_Aldermere_Teodor,Aldermere_Stop,46,ab5df625,
en-XA,line:070896b,Teodor: «Ţhéñ ýöû mûšţ àñšwéŕ ţhé Çhöîŕ. Î àm šöŕŕý. Îţ îš ţhé öñé ţhîñg Î àm šöŕŕý föŕ ţöďàý. ······················»,Verdance_Aldermere_Teodor,Aldermere_Stop,47,c67708e1,
en-XA,line:097d75f,Teodor: «Ţhé ļîñé höļďš. Ďŕàw îţ ţhé wàý ýöû wöûļď ďŕàw à ŕöàď ýöû méàñ ţö wàļk bàçk àļöñg. ·····················»,Verdance_Chapel_Teodor,RootChapel_Teodor_Thread,7,8d00b769,
en-XA,line:0798149,"Teodor: «Ţhé çhàpéļ îš föŕ ţhé bŕöţhéŕš, çàŕţögŕàphéŕ. Çömé ûp ţö ţhé çļöîšţéŕ fîŕšţ. Î wîļļ fîñď ýöû. ·························»",Verdance_Chapel_Teodor,RootChapel_Teodor_Thread,11,2747fd1c,
en-XA,line:029e48a,"Teodor: «Ţhé Çàñţöŕš ďŕàw à ļîñé ţö ļéţ gö. À ţhŕéàď öf šöļvéñţ, fŕöm ţhé pļàçé ţö ñöţhîñg. ·····················»",Verdance_Chapel_Teodor,RootChapel_Teodor_Thread,14,d53862f6,
en-XA,line:0a3ac8c,Teodor: «Ďŕàw îţ ţhé öţhéŕ wàý. Îţ îš ţhé šàmé ļîñé. ···········»,Verdance_Chapel_Teodor,RootChapel_Teodor_Thread,15,6c356709,
en-XA,line:05fa354,«Fŕöm ţhé pļàçé ţö mé. ······»,Verdance_Chapel_Teodor,RootChapel_Teodor_Thread,16,b7a7017b,
en-XA,line:090fbc1,"Teodor: «Ýéš. Fŕöm ţhé pļàçé ţö ýöû. Ţhéñ îţ höļďš ýöûŕ wéîghţ, béçàûšé ýöû àŕé höļďîñg îţ. ·····················»",Verdance_Chapel_Teodor,RootChapel_Teodor_Thread,17,7ca30d76,
en-XA,line:001e4ff,«Ţhàţ'š à Gûîļď ţéţhéŕ. ······»,Verdance_Chapel_Teodor,RootChapel_Teodor_Thread,18,c924bfe9,
en-XA,line:0d11e67,Teodor: «À ţéţhéŕ göéš îñţö ţhé whîţé. Ţhîš göéš àçŕöšš îţ. Ţhé Gûîļď ñévéŕ ļéàŕñéď ţhé ďîfféŕéñçé. ························»,Verdance_Chapel_Teodor,RootChapel_Teodor_Thread,19,8326c24c,
en-XA,line:07ea8e1,«...»,Verdance_Chapel_Teodor,RootChapel_Teodor_Thread,20,ab5df625,
en-XA,line:0f42bad,"Teodor: «Wàţçh ţhé ŕööţ, ñöţ ýöûŕ hàñď. Ţhéŕé. Àgàîñ. ···········»",Verdance_Chapel_Teodor,RootChapel_Teodor_Thread,21,47ffb2fc,
en-XA,line:0cc6ef9,Teodor: «Ţhé bîŕďš whö bûîļţ ţhîš çhàpéļ çŕöššéď ţö ţhé gŕövé wîţhöûţ à ţhŕéàď. Wé ñééď öñé. Îţ îš éñöûgh. ··························»,Verdance_Chapel_Teodor,RootChapel_Teodor_Thread,22,9926f5cf,
en-XA,line:07d0886,Teodor: «Éļévéñ. Ţhéý àŕé àļļ héŕé ţöñîghţ. ·········»,Verdance_Chapel_Teodor,Grove_Teodor_Vigil,30,aa03edd9,
en-XA,line:0c00c21,Teodor: «Šîţ. Ţhéŕé îš ñöţhîñg ţö šàý. Î wîļļ šàý îţ àñýwàý. ·············»,Verdance_Chapel_Teodor,Grove_Teodor_Vigil,33,3d78090e,
en-XA,line:0fe40ab,Teodor: «Wéñļöw hàš à wéļļ wîţh à çŕöökéď bûçkéţ. Ñöböďý fîxéš îţ. Ţhéý ļîké ţhé šöûñď. ·····················»,Verdance_Chapel_Teodor,Grove_Teodor_Vigil,34,8f79a94f,
en-XA,line:0bdbd62,Teodor: «Hàŕŕöwbý bàkéš öñ ţhé šévéñţh ďàý. Ţhé whöļé ļàñé šméļļš öf îţ. ·················»,Verdance_Chapel_Teodor,Grove_Teodor_Vigil,35,e6a8f1ac,
en-XA,line:06b2728,Teodor: «Çöļďméŕé îš çöļď. Îţ šàýš šö öñ ţhé šîgñ. ···········»,Verdance_Chapel_Teodor,Grove_Teodor_Vigil,36,bfb73dd9,
en-XA,line:0763519,Teodor: «Àšhçŕöšš hàš ţwö çhûŕçhéš àñď öñé béļļ béţwééñ ţhém. Ţhéý àŕgûé àböûţ îţ évéŕý Šûñďàý. ························»,Verdance_Chapel_Teodor,Grove_Teodor_Vigil,37,26c72c1a,
en-XA,line:01af9f9,Teodor: «Ñéţţļéçömbé kéépš bééš. Ţhé bééš àŕé ñöţ àñçhöŕéď. Ţhéý ļéàvé évéŕý špŕîñg àñď çömé bàçk. ························»,Verdance_Chapel_Teodor,Grove_Teodor_Vigil,38,e6cf6990,
en-XA,line:068f721,Teodor: «Bŕîñďļé îš šmàļļ. Bŕîñďļé îš véŕý šmàļļ. ···········»,Verdance_Chapel_Teodor,Grove_Teodor_Vigil,39,9d4e4d2c,
en-XA,line:004d129,Teodor: «Féññ hàš à féŕŕý ţhàţ çŕöššéš à ŕîvéŕ ţhàţ îš ñöţ ţhéŕé àñý möŕé. Ţhé féŕŕýmàñ îš pàţîéñţ. ························»,Verdance_Chapel_Teodor,Grove_Teodor_Vigil,40,c89950b9,
en-XA,line:0138570,Teodor: «Šçàŕšbý hàš à šçhööļ. Ţhé šàmé éļévéñ çhîļďŕéñ àŕé îñ îţ. ···············»,Verdance_Chapel_Teodor,Grove_Teodor_Vigil,41,67a0a70d,
en-XA,line:0bbb398,Teodor: «Ţöļļàñ îš öñ à hîļļ. Ýöû çàñ šéé Hàļďéñ fŕöm îţ öñ à çļéàŕ ďàý. ················»,Verdance_Chapel_Teodor,Grove_Teodor_Vigil,42,81fe060c,
en-XA,line:0f7637e,Teodor: «Éţţļé îš whéŕé mý möţhéŕ ļîvéš. Šhé îš šévéñţý. Šhé îš àļwàýš šévéñţý. ···················»,Verdance_Chapel_Teodor,Grove_Teodor_Vigil,43,7c50a51e,
en-XA,line:004d011,Teodor: «Màŕŕöwgàţé îš ţhé ļàšţ. Màŕŕöwgàţé îš wàîţîñg föŕ mé ţö bé šûŕé. ·················»,Verdance_Chapel_Teodor,Grove_Teodor_Vigil,44,59ef03ff,
en-XA,line:09f9733,Teodor: «Ţhàţ îš àļļ öf ţhém. Ţhàñk ýöû föŕ šîţţîñg. ···········»,Verdance_Chapel_Teodor,Grove_Teodor_Vigil,45,c8ce0dfd,
en-XA,line:0137859,"Milestone: «HÀĻĎÉÑ, ÖÑÉ ĎÀÝ'Š FĻÎGHŢ. Ţhé ļéţţéŕš àŕé çûţ föŕ éýéš à ļöñg wàý ûp. ··················»",Verdance_Environment,Road_Milestone,6,6ed77bd6,
en-XA,line:0429281,"Milestone: «Çhàļkéď béšîďé îţ, àţ à wàļkéŕ'š héîghţ: ""Ñîñé öñ fööţ. Bŕîñg bŕéàď."" ·················»",Verdance_Environment,Road_Milestone,7,cdb8445f,
en-XA,line:087a530,"Tapestry: «Ûñďýéď wööļ. Ţhé Véŕďàñçé wövéñ îñ, àñď évéŕý vîļļàgé à kñöţ. ················»",Verdance_Environment,Cloister_Tapestry,12,97e8dd0a,
en-XA,line:0b7ed4e,"Tapestry: «Šömé kñöţš hàvé bééñ ûñpîçkéď, géñţļý. Ţhéîŕ ţhŕéàďš hàñg ļööšé. Ñöñé îš çûţ. ·····················»",Verdance_Environment,Cloister_Tapestry,13,caa8d681,
en-XA,line:09f9dc6,Tapestry: «Àļďéŕméŕé'š kñöţ îš öpéñ ñöw. Îţš ţhŕéàď hàñgš wîţh ţhé öţhéŕš. ·················»,Verdance_Environment,Cloister_Tapestry,15,a0ebb349,
en-XA,line:02ef41e,"Lectern: «À ŕéàďîñg ļîšţ, pîññéď whéŕé ţhé möñkš wöûļď šéé îţ. Öñé ţîţļé öñ îţ. ··················»",Verdance_Environment,Library_Lectern,21,ca916744,
en-XA,line:0ac3908,Lectern: «Ţhé pîñ hàš ŕûšţéď îñţö ţhé wööď. Ţhé ļîšţ hàš ñöţ ýéļļöwéď. ················»,Verdance_Environment,Library_Lectern,22,be45c58c,
en-XA,line:03f23ca,"Inscription: «Pàššàgé föŕ ţhé wîñgéď. Ļàñď, àñď bé wéļçömé. ············»",Verdance_Gate_Inn,Gate_Inscription,8,a95d7640,
en-XA,line:0b9ac87,"Inscription: «Šçŕàţçhéď ûñďéŕ îţ, ļöw ďöwñ, îñ à hàñď ţhàţ çļîmbéď: ""Àñď ţhé ŕéšţ öf ûš?"" ···················»",Verdance_Gate_Inn,Gate_Inscription,9,95bdbd95,
en-XA,line:0949e30,"Inscription: «Ţhé ŕöàď éñďš àţ ţhé gàţé. Béýöñď îţ, öñļý ţŕééš. Ñöţhîñg îš ďŕàwñ ţhéŕé ýéţ. ····················»",Verdance_Gate_Inn,Gate_Inn,15,6ed97d79,
en-XA,line:0bb15a0,Innkeeper: «Bàçk. Gööď. Ţhé ŕöàď îš öñļý héŕé ţhé öñé ñîghţ. Hàvé ýöû... ···············»,Verdance_Gate_Inn,Gate_Inn,19,68361fcc,
en-XA,line:03ec36e,"Innkeeper: «À ţŕàvéļļéŕ. Çömé îñ, çömé îñ. Ţhé fîŕé îš... îţ îš wàŕm. Îţ îš wàŕm. ················»",Verdance_Gate_Inn,Gate_Inn,22,ce40e216,
en-XA,line:0847b99,Innkeeper: «Hàvé ýöû éàţéñ? Ýöû hàvé ñöţ éàţéñ. Šîţ. ··········»,Verdance_Gate_Inn,Gate_Inn,23,673b2f62,
en-XA,line:02848e1,«Whö àŕé àļļ ţhéšé péöpļé? ·······»,Verdance_Gate_Inn,Gate_Inn,24,f3e6affd,
en-XA,line:07022fd,Innkeeper: «Ţŕàvéļļéŕš. Öñ ţhé ŕöàď. Ţhé ŕöàď göéš ţö... îţ göéš öñ. Wé àŕé wàîţîñg föŕ möŕñîñg. ·····················»,Verdance_Gate_Inn,Gate_Inn,25,8ea25e52,
en-XA,line:0578e30,"«Î'vé éàţéñ, ţhàñk ýöû. ······»",Verdance_Gate_Inn,Gate_Inn,26,ee30e1a9,
en-XA,line:0861a94,"Innkeeper: «Gööď. Gööď. Ñöböďý šàýš ţhàţ. Évéŕýöñé îš šö hûñgŕý héŕé, àñď ñöböďý éàţš. ···················»",Verdance_Gate_Inn,Gate_Inn,27,4b8ad548,
en-XA,line:07f65e8,«...»,Verdance_Gate_Inn,Gate_Inn,28,ab5df625,
en-XA,line:01213f0,Innkeeper: «Ţîŕéď. Ýéš. Šîţ bý ţhé... ţhéŕé. Ţhé çhàîŕ kñöwš ýöû. ·············»,Verdance_Gate_Inn,Gate_Inn,29,930b052e,
en-XA,line:0e20195,"Innkeeper: «Îñ ţhé möŕñîñg ţhé ŕöàď göéš. Îţ àļwàýš göéš. Wé àŕé šţîļļ héŕé, àfţéŕ. Šöméwhéŕé. ·····················»",Verdance_Gate_Inn,Gate_Inn,30,b98d09c1,
en-XA,line:0085c46,Teodor: «Îţ îš héàvîéŕ ţhàñ îţ ļöökš. Î ţöļď ýöû. Î çàŕŕîéď îţ éļévéñ ýéàŕš àñď îţ ñévéŕ göţ ļîghţéŕ. ························»,Verdance_House_Teodor,QuietHouse_Teodor,15,2dd50415,
en-XA,line:04b879a,"Teodor: «Šîţ, çàŕţögŕàphéŕ. Ţhé Höûšé ďöéš ñöţ çļöšé îţš ďööŕ öñ à wŕöñg àñšwéŕ. Öñļý ţhé šţöñé šţàýš. ·························»",Verdance_House_Teodor,QuietHouse_Teodor,17,57a3a7ff,
en-XA,line:0ad4246,Teodor: «Ýöû šàţ wîţh ţhém. Ţhéý àŕé gļàď öf îţ. Wéñļöw éšpéçîàļļý; Wéñļöw ļîkéš çömpàñý. ·····················»,Verdance_House_Teodor,QuietHouse_Teodor,19,725d4bc1,
en-XA,line:04a96ab,Teodor: «Ţhé gŕövé îš ļîţ ţöñîghţ. Îţ îš àļwàýš ļîţ. Çömé whéñ ýöû àŕé ŕéàďý. Ţhéŕé àŕé ñö çhöîçéš ţhéŕé. ·························»,Verdance_House_Teodor,QuietHouse_Teodor,21,b5887870,
en-XA,line:013d2f0,«Whý ďö ţhé Çàñţöŕš çàŕŕý béļļš? ·········»,Verdance_House_Teodor,QuietHouse_Teodor,23,b856d6e2,
en-XA,line:0c9a9f5,Teodor: «Šö ţhàţ ñöböďý îš ļéţ gö îñ šîļéñçé. À béļļ îš à kîñď öf ñàmé. Ýöû wîļļ héàŕ ţhém. ·····················»,Verdance_House_Teodor,QuietHouse_Teodor,24,48fb58ee,
en-XA,line:06e339f,«Whàţ ďö ýöû wàñţ fŕöm mé? ·······»,Verdance_House_Teodor,QuietHouse_Teodor,25,7a9d8432,
en-XA,line:09a8e70,"Teodor: «Ñöţhîñg, ýéţ. Màý Î šàý à ţhîñg ýöû wîļļ ñöţ ļîké? Ýöû wîļļ wàñţ šöméţhîñg fŕöm mé. Wé wîļļ šéé. ························»",Verdance_House_Teodor,QuietHouse_Teodor,26,f9a2d9e4,
en-XA,line:0d8bb8e,«Ñöţhîñg ţöďàý. ····»,Verdance_House_Teodor,QuietHouse_Teodor,27,4dbad6a1,
en-XA,line:029555f,"Teodor: «Ţhéñ ŕéšţ. Ţhé Höûšé îš qûîéţ föŕ ţhàţ ŕéàšöñ, àñď ñö öţhéŕ. ················»",Verdance_House_Teodor,QuietHouse_Teodor,28,3f62a091,
en-XA,line:0d7fd22,Teodor: «Ýöû àŕé Îšöļďé'š. Màý Î šàý à ţhîñg ýöû wîļļ ñöţ ļîké? ··············»,Verdance_House_Teodor,QuietHouse_Teodor_First,33,8e080886,
en-XA,line:0eb86cb,«Šàý îţ. ··»,Verdance_House_Teodor,QuietHouse_Teodor_First,34,98862978,
en-XA,line:007fb66,Teodor: «Šhé îš à çàŕéfûļ wömàñ. Šhé îš çàŕéļéšš wîţh öñé ţhîñg. Ýöû àŕé šţàñďîñg îñ îţ. ·····················»,Verdance_House_Teodor,QuietHouse_Teodor_First,35,1228175b,
en-XA,line:06bd070,«Évéŕýöñé šàýš ţhàţ fîŕšţ. ·······»,Verdance_House_Teodor,QuietHouse_Teodor_First,36,7be22f74,
en-XA,line:045e815,Teodor: «Ţhéñ évéŕýöñé îš çàŕéfûļ. Šîţ. Ţhé ŕééďš hàvé bééñ ţéļļîñg mé àböûţ ýöû föŕ à wéék. ······················»,Verdance_House_Teodor,QuietHouse_Teodor_First,37,8b4d7326,
en-XA,line:0311a37,«...»,Verdance_House_Teodor,QuietHouse_Teodor_First,38,ab5df625,
en-XA,line:05d03fa,Teodor: «Gööď. Ţhé gŕövé îš qûîéţéŕ ţhàñ ţhàţ. Ýöû wîļļ ďö wéļļ ţhéŕé. ················»,Verdance_House_Teodor,QuietHouse_Teodor_First,39,6419c203,
en-XA,line:06c99ac,Teodor: «Ýöû çŕöššéď ţhé îŕîš gàp wîţhöûţ à wîñg. Ţhé öļď ŕöàď ŕémémbéŕš fļýéŕš. Îţ wîļļ ŕémémbéŕ ýöû. ·························»,Verdance_House_Teodor,QuietHouse_Teodor_First,41,1668a328,
en-XA,line:0dc23c6,"Teodor: «Î wàš à šûŕvéýöŕ, öñçé. Î àñçhöŕéď éļévéñ vîļļàgéš. Î šîţ wîţh ţhém ñöw, îñ ţhé gŕövé. ······················»",Verdance_House_Teodor,QuietHouse_Teodor_First,43,ea2793ad,
en-XA,line:0821dcb,"Teodor: «Àļďéŕméŕé höļďš îţš ļàšţ ďàý ţömöŕŕöw. Ţhéý àškéď ûš. Çömé, îf ýöû ļîké. Îţ îš à kîñďñéšš ţö bé ţhéŕé. ··························»",Verdance_House_Teodor,QuietHouse_Teodor_First,44,bab1c199,
en-XA,line:0251478,Teodor: «Ýöû šţöppéď Àļďéŕméŕé'š ļàšţ ďàý. Ţhé Çhöîŕ šàñg övéŕ mé àñď Î ļéţ îţ. ··················»,Verdance_House_Teodor,QuietHouse_Teodor_Keystone,51,a63bea56,
en-XA,line:0041558,"Teodor: «Ţhéý àŕé héļď ñöw. Àšk ţhém whéţhéŕ ţhéý àŕé gļàď. Î hàvé, évéŕý évéñîñg šîñçé. ·····················»",Verdance_House_Teodor,QuietHouse_Teodor_Keystone,52,bc8b8281,
en-XA,line:0207f89,"Teodor: «Ţhé šţöñé šţàýš wîţh mé, çàŕţögŕàphéŕ. Ñöţ àš à pûñîšhméñţ. Àš à ţhîñg Î àm šţîļļ šûŕé öf. ·······················»",Verdance_House_Teodor,QuietHouse_Teodor_Keystone,53,ded05f48,
en-XA,line:0d74f3a,"Teodor: «Ýöû šţööď îñ ţhé šqûàŕé ţö ţhé éñď. Màý Î àšk ýöû à ţhîñg, àñď héàŕ àñ höñéšţ àñšwéŕ? ······················»",Verdance_House_Teodor,QuietHouse_Teodor_Keystone,57,93a2fff9,
en-XA,line:06d46ce,Teodor: «Whý ďö Î ďö ţhîš? Ñöţ ţhé Ûñwŕîţéŕš. Mé. Whý ďö Î ļéţ pļàçéš gö? ················»,Verdance_House_Teodor,QuietHouse_Teodor_Keystone,58,dbfb1a4f,
en-XA,line:01608c7,«Béçàûšé ýöû wéŕé bŕàvé éñöûgh ţö. ·········»,Verdance_House_Teodor,QuietHouse_Teodor_Keystone,59,a58cd887,
en-XA,line:03fe572,"Teodor: «Ñö. Bûţ ýöû wéŕé çļöšé, àñď ýöû wéŕé kîñď. Î hàvé bééñ çàļļéď bŕàvé. Îţ wàš ñévéŕ ţŕûé. ······················»",Verdance_House_Teodor,QuietHouse_Teodor_Keystone,60,ea39602b,
en-XA,line:06fb014,«Béçàûšé ţhéý àškéď. Àñď ýöû màďé šûŕé. ··········»,Verdance_House_Teodor,QuietHouse_Teodor_Keystone,62,462287bd,
en-XA,line:0a42618,"Teodor: «Ýéš. Ţhàţ îš whý. Ţhéý àškéď, àñď Î màďé šûŕé. ···········»",Verdance_House_Teodor,QuietHouse_Teodor_Keystone,63,35d641df,
en-XA,line:00ce588,"Teodor: «Ţhé ţéñţh, Î wàš ñöţ šûŕé. Mý möţhéŕ àškéď, àñď Î ďîď îţ, àñď Î hàvé ñöţ bééñ šûŕé šîñçé. ······················»",Verdance_House_Teodor,QuietHouse_Teodor_Keystone,64,dd2cf009,
en-XA,line:0687df0,Teodor: «Ţàké îţ. Îţ îš héàvîéŕ ţhàñ îţ ļöökš. ··········»,Verdance_House_Teodor,QuietHouse_Teodor_Keystone,65,8374fe56,
en-XA,line:0782617,«Béçàûšé ýöû gŕîévé évéŕý öñé öf ţhém. ··········»,Verdance_House_Teodor,QuietHouse_Teodor_Keystone,68,d533ef6a,
en-XA,line:03e5779,Teodor: «Î ďö. Bûţ gŕîéf îš ñöţ à ŕéàšöñ. Îţ îš whàţ à ŕéàšöñ ļéàvéš. Ýöû wéŕé kîñď ţö šàý îţ. ·····················»,Verdance_House_Teodor,QuietHouse_Teodor_Keystone,69,9e6296a7,
en-XA,line:0591338,Teodor: «Hé îš ŕéàďîñg. Hé hàš bééñ ŕéàďîñg föŕ ţhîŕţý-éîghţ ýéàŕš. Hé îš hàppý öñ ţhàţ pàgé. ······················»,Verdance_Library_Ansel,Library_Teodor_Ansel,7,22bf6881,
en-XA,line:0943384,Teodor: «Î wîļļ ñöţ ţûŕñ îţ föŕ ýöû. Màý Î šàý à ţhîñg ýöû wîļļ ñöţ ļîké? Ñéîţhéŕ šhöûļď ýöû. ·····················»,Verdance_Library_Ansel,Library_Teodor_Ansel,8,2c3adc20,
en-XA,line:0129db3,Ansel: «Ţwö hûñďŕéď àñď fîfţééñ. Ţhé öwļ hàď à ďàûghţéŕ. Î ñévéŕ kñéw ţhàţ. Ďîď ýöû? ····················»,Verdance_Library_Ansel,Library_Ansel,15,b64ff858,
en-XA,line:01d6f86,Ansel: «Ţwö hûñďŕéď àñď föûŕţééñ. À màŕvéļļöûš pàgé. Î hàvé öñļý jûšţ bégûñ îţ. ···················»,Verdance_Library_Ansel,Library_Ansel,19,291761b3,
en-XA,line:0578ee2,Ansel: «Ţwö hûñďŕéď àñď föûŕţééñ. À màŕvéļļöûš pàgé. Î hàvé öñļý jûšţ bégûñ îţ. ···················»,Verdance_Library_Ansel,Library_Ansel,22,291761b3,
en-XA,line:0c8eec4,Ansel: «À hîšţöŕý öf ţhé Hàļļöwàýš. Ţhé öwļ whö képţ ţhé Àţļàš. Îţ îš véŕý gööď àböûţ hîš fàmîļý. ·······················»,Verdance_Library_Ansel,Library_Ansel,23,ef8825f1,
en-XA,line:0a7e0a7,Ansel: «Î àm çömîñg ţö ţhé pàŕţ àböûţ hîš ďàûghţéŕ. Àñý möméñţ ñöw. ················»,Verdance_Library_Ansel,Library_Ansel,24,4f027ee1,
en-XA,line:02db988,«Whàţ'š öñ ţhé ñéxţ pàgé? ······»,Verdance_Library_Ansel,Library_Ansel,25,7ce4223b,
en-XA,line:0969c72,Ansel: «Î ďö ñöţ kñöw. Ţhàţ îš ţhé pļéàšûŕé öf îţ. Î wîļļ kñöw šööñ. ···············»,Verdance_Library_Ansel,Library_Ansel,26,4beecdf2,
en-XA,line:00508c3,«Çàñ Î ţûŕñ îţ föŕ ýöû? ······»,Verdance_Library_Ansel,Library_Ansel,27,2cc2fb73,
en-XA,line:066683c,Ansel: «Wöûļď ýöû? Mý wîñgš àŕé šö ţîŕéď. Î hàvé bééñ höļďîñg îţ öpéñ à ļîţţļé whîļé. ····················»,Verdance_Library_Ansel,Library_Ansel,28,00d44ffc,
en-XA,line:0905727,«...»,Verdance_Library_Ansel,Library_Ansel,30,ab5df625,
en-XA,line:0bca10e,Ansel: «Ýéš. Qûîéţ. Îţ îš à ļîbŕàŕý. ·······»,Verdance_Library_Ansel,Library_Ansel,31,7e86ae59,
en-XA,line:0cf8ed5,«Ţûŕñ ţhé pàgé. ····»,Verdance_Library_Ansel,Library_Ansel_Turn,37,05460306,
en-XA,line:036c808,Ansel: «Öh. Öh. Ţwö hûñďŕéď àñď fîfţééñ. ········»,Verdance_Library_Ansel,Library_Ansel_Turn,38,47c8be8f,
en-XA,line:018ab29,Ansel: «Whéŕé îš évéŕýöñé? Îţ wàš möŕñîñg. Whö àŕé ýöû? Whö hàš ļéţ ţhé ďûšţ îñ? ··················»,Verdance_Library_Ansel,Library_Ansel_Turn,39,ad1f6e2f,
en-XA,line:0e260cb,«Ļéàvé îţ whéŕé îţ îš. ······»,Verdance_Library_Ansel,Library_Ansel_Turn,42,dfc33c05,
en-XA,line:03f08c5,"Ansel: «Kîñď öf ýöû. Àñöţhéŕ ţîmé. Ţhéŕé îš ñö hûŕŕý. Ţhéŕé ñévéŕ îš, ďöwñ héŕé. ··················»",Verdance_Library_Ansel,Library_Ansel_Turn,43,e9f931c9,
en-XA,line:0fa8a35,"Tobin: «Ţhé whééļ'š šţîļļ. Möţhéŕ îš gļàď. Î àm géţţîñg ûšéď ţö îţ. Ţhàţ îš ţhé šàmé ţhîñg, šömé ďàýš. ························»",Verdance_Road_Solvent,Road_Solvent,9,e6de32e1,
en-XA,line:0a9f6cd,Tobin: «Šţîļļ ţûŕñîñg. Šţîļļ ţhé šàmé fļöûŕ. Möţhéŕ wîļļ ñöţ špéàk ţö mé. Ţhé whééļ ďöéš. ·····················»,Verdance_Road_Solvent,Road_Solvent,11,fcff75be,
en-XA,line:0fd481c,Tobin: «Wé àŕé šţîļļ ţàļkîñg àböûţ îţ. Möţhéŕ àñď Î. Fîŕšţ ţîmé îñ ýéàŕš. Ţhé whééļ çàñ wàîţ. ······················»,Verdance_Road_Solvent,Road_Solvent,13,d5a7e885,
en-XA,line:0ecff77,"Wend: «Šţàñď çļéàŕ, Gûîļď. Ţhé mîļļ îš béîñg ļéţ gö. Ţhé ļéďgéŕ šàýš îţ àškéď. ··················»",Verdance_Road_Solvent,Road_Solvent,17,8b8c9a63,
en-XA,line:0ddec3d,Tobin: «Î ñévéŕ àškéď! Ñöböďý àškéď mé! Ţhé whééļ ţûŕñš. Îţ hàš ţûŕñéď ţhé šàmé föŕ ţhîŕţý ýéàŕš. Ţhàţ îš fîñé! ···························»,Verdance_Road_Solvent,Road_Solvent,18,47aa03a8,
en-XA,line:0e7dcbc,Wend: «Ýöûŕ möţhéŕ àškéď. Šhé šîgñéď föŕ ţhé höûšé. Ţhé höûšé îš ţhé mîļļ. ··················»,Verdance_Road_Solvent,Road_Solvent,19,5c4214f0,
en-XA,line:0743860,«Ļéţ ţhém ďö îţ. ····»,Verdance_Road_Solvent,Road_Solvent,20,5e27348f,
en-XA,line:03ffb77,Wend: «Ţhàñk ýöû. Îţ îš à šmàļļ béļļ. Îţ wîļļ ñöţ ţàké ļöñg. ·············»,Verdance_Road_Solvent,Road_Solvent,21,db914223,
en-XA,line:0348de3,"Tobin: «Möţhéŕ. Möţhéŕ, whàţ ďîď ýöû ďö. ········»",Verdance_Road_Solvent,Road_Solvent,22,6db6879a,
en-XA,line:0d3ed7e,«Šţöp. Hé ďîďñ'ţ àšk. ·····»,Verdance_Road_Solvent,Road_Solvent,24,3a6547c6,
en-XA,line:059f9e1,"Wend: «Ţhéñ wé àŕé fîñîšhéď héŕé. Wé ďö ñöţ ļéţ gö whàţ àñýöñé šţîļļ höļďš. Màŕk ţhàţ, Gûîļď. ······················»",Verdance_Road_Solvent,Road_Solvent,25,7b60280c,
en-XA,line:0ca0d87,«Àšk hîš möţhéŕ. Wîţh hîm ţhéŕé. ········»,Verdance_Road_Solvent,Road_Solvent,27,d4cbe769,
en-XA,line:08da8e7,Wend: «Ţhàţ îš ñöţ höw ţhé ļéďgéŕ wöŕkš. ·········»,Verdance_Road_Solvent,Road_Solvent,28,40285613,
en-XA,line:0703d9e,Tobin: «Îţ îš höw à fàmîļý wöŕkš. Möţhéŕ? Çömé ďöwñ. Pļéàšé. ·············»,Verdance_Road_Solvent,Road_Solvent,29,50c3dbb3,
en-XA,line:0b12f47,Idrenne: «Wé çöök öñ à fļàţ ŕöçk fŕöm ţhé ŕîvéŕ ñöw. Ţhé šöûp hàšñ'ţ ñöţîçéď. ·················»,Windreach_Camp_Idrenne,Camp_Idrenne,11,6cc0c340,
en-XA,line:099a5a8,Idrenne: «Ýöû'ŕé kñöwñ héŕé. Šîţ àñýwhéŕé. Évéŕýöñé ďöéš. ·············»,Windreach_Camp_Idrenne,Camp_Idrenne,13,663de3b4,
en-XA,line:0927393,"Idrenne: «Wé wàļk àţ fîŕšţ ļîghţ. Ţhéŕé'š à béďŕöļļ bý ţhé wàgöñš, îf ýöû'ŕé çömîñg. ···················»",Windreach_Camp_Idrenne,Camp_Idrenne,15,5d337b6c,
en-XA,line:073c7e2,"Idrenne: «Ţhé çàmp'š öñ ţhé hîgh gŕàšš ţöñîghţ, pàšţ ţhé Gàţé. Öñļý ţhé pöšţ-wàgöñ šţàýš. ·····················»",Windreach_Camp_Idrenne,Camp_Idrenne,17,c51b9d91,
en-XA,line:05932bc,"Idrenne: «Ţhé çàmp'š göñé öñ ţö ţhé ŕîvéŕbéď. Föļļöw ţhé gŕàšš wé fļàţţéñéď, éàšţ. ···················»",Windreach_Camp_Idrenne,Camp_Idrenne,19,f98b9cfe,
en-XA,line:028788e,Idrenne: «Ýöû çàmé ďöwñ ţhé šöûţh ŕöàď fŕöm ţhé Pļàţéàû. ·············»,Windreach_Camp_Idrenne,Camp_Idrenne,23,4da58be1,
en-XA,line:0d98b54,Idrenne: «Î wàš šţàñďîñg bý ţhé fîŕšţ šţöñé whéñ Î ļéàŕñéď whàţ ţhàţ méàñš. À màp îñ ţhé pàçk. À qûéšţîöñ. ·························»,Windreach_Camp_Idrenne,Camp_Idrenne,24,567a7582,
en-XA,line:0941536,Idrenne: «Šîţ. Éàţ fîŕšţ. Qûéšţîöñš kéép. ········»,Windreach_Camp_Idrenne,Camp_Idrenne,25,70fdc173,
en-XA,line:034431f,«Îšöļďé Màŕŕ ñàméď ýöû. Öñé öf fîvé. ·········»,Windreach_Camp_Idrenne,Camp_Idrenne,26,628f1346,
en-XA,line:0546442,Idrenne: «Îšöļďé. Î wàš kñéé-ďéép îñ ţhé Ďŕý Ŕîvéŕ whéñ šhé àškéď mé ţhé šàmé ţhîñg. ···················»,Windreach_Camp_Idrenne,Camp_Idrenne,27,f872c808,
en-XA,line:08e7806,Idrenne: «Î ţöļď héŕ ţö wàļk wîţh ûš. Šhé šàîď šhé'ď çömé bàçk. Héŕé ýöû àŕé îñšţéàď. ···················»,Windreach_Camp_Idrenne,Camp_Idrenne,28,99f9f743,
en-XA,line:0ff0c94,«Îš àñýöñé öûţ héŕé hûñţîñg ýöû? ·········»,Windreach_Camp_Idrenne,Camp_Idrenne,30,f281cfac,
en-XA,line:0ba174d,"Idrenne: «Hûñţîñg, ñö. Çöûñţîñg, màýbé. À bîŕď wîţh à bŕàšš ļéñš, à ďàý béhîñď ûš. ··················»",Windreach_Camp_Idrenne,Camp_Idrenne,31,f41eb537,
en-XA,line:046f812,"Idrenne: «Î ļéàŕñéď ţhàţ àţ ţhé ñîñţh šţöñé, wàţçhîñg gŕàšš béñď whéŕé ñö wîñď wàš. ····················»",Windreach_Camp_Idrenne,Camp_Idrenne,32,3acbe79e,
en-XA,line:0b0a5c0,«...»,Windreach_Camp_Idrenne,Camp_Idrenne,34,ab5df625,
en-XA,line:04679f2,Idrenne: «Gööď. Ţhé gŕàšš ţàļkš éñöûgh föŕ böţh öf ûš. ············»,Windreach_Camp_Idrenne,Camp_Idrenne,35,cb7c5f03,
en-XA,line:0091d6a,"Idrenne: «Wé wàļk ţömöŕŕöw. Ţhŕéé ďàýš, ţhŕéé fîŕéš. Wàļk wîţh ûš, àñď àšk ýöûŕ qûéšţîöñ àţ ţhé ļàšţ öñé. ·························»",Windreach_Camp_Idrenne,Camp_Idrenne,37,2b7d244a,
en-XA,line:05704eb,"Riverbed: «Çöļď àšhéš îñ à ŕîñg öf böàţš. Šöméböďý çàmpš héŕé, šömé ñîghţš. ·················»",Windreach_Camp_Idrenne,River_Idrenne_Night,45,e879b3bb,
en-XA,line:0c1c54c,Idrenne: «Ţhé föûŕţh šţöñé îš ţhé ŕîvéŕbéď. Wé šàţ öñ îţ. Ñöţ màñý màpš çàñ šàý ţhàţ. ···················»,Windreach_Camp_Idrenne,River_Idrenne_Night,49,a216c045,
en-XA,line:0cddcc3,"Idrenne: «Šéçöñď fîŕé. Ýöûŕ fééţ wîļļ hàţé ýöû ţömöŕŕöw. Mîñé ďîď, ţhé ýéàŕ Î ļéàŕñéď ţhîš wàļk. ·······················»",Windreach_Camp_Idrenne,River_Idrenne_Night,52,d67c6732,
en-XA,line:06df3ba,Idrenne: «Ýöû ļöökéď àţ ţhé šţöñéš. Ñîñé öf ţhém. Ţhé Gûîļď ţhîñkš ţhéý'ŕé à böûñďàŕý. ····················»,Windreach_Camp_Idrenne,River_Idrenne_Night,53,dabc5116,
en-XA,line:0ce2f4a,"Idrenne: «Ţhéý'ŕé à màp. Éîghţ àŕé pļàçéš wé šţöp: ţhé Ļöñg Gŕàšš, ţhé ŕîvéŕ, ţhé Gàţé, ţhé hîgh gŕàšš. ·······················»",Windreach_Camp_Idrenne,River_Idrenne_Night,54,dd913a36,
en-XA,line:0410f5d,"Idrenne: «Ţhé fîŕé, ţhé šţàŕ, ţhé öļď šéà ŕöàď, ţhé šöûţh gàţé öf ýöûŕ Pļàţéàû. ··················»",Windreach_Camp_Idrenne,River_Idrenne_Night,55,9232e154,
en-XA,line:06c13c0,Idrenne: «Ţhé ñîñţh hàš ñöţhîñg çàŕvéď öñ îţ. Ţhé ñîñţh îš whéŕévéŕ wé'ŕé šţàñďîñg. ····················»,Windreach_Camp_Idrenne,River_Idrenne_Night,56,1e9401fc,
en-XA,line:0b64747,«À màp ñöböďý çàñ ţàké àwàý. ·······»,Windreach_Camp_Idrenne,River_Idrenne_Night,57,916f5a3f,
en-XA,line:02ac0f6,Idrenne: «Šöméböďý'š ţŕýîñg. Ţhé ļéñš bîŕď šîghţš ţhém öñé bý öñé. Î wàţçhéď hîm fŕöm ţhé ŕééďš. ·······················»,Windreach_Camp_Idrenne,River_Idrenne_Night,58,10420809,
en-XA,line:0a93726,«Šhöw mé ţhé öñé hé'š šîghţîñg. ········»,Windreach_Camp_Idrenne,River_Idrenne_Night,60,51fa8374,
en-XA,line:017936b,"Idrenne: «Ţhé ñîñţh, àţ ďûšk. Hé'š šîghţîñg ţhé öñé ţhàţ çàñ'ţ bé šîghţéď. Ļéţ hîm ļéàŕñ ţhàţ. ·····················»",Windreach_Camp_Idrenne,River_Idrenne_Night,61,18ecca12,
en-XA,line:09460e0,«Ţhéñ ţhé ñîñţh šţöñé îš héŕé. ········»,Windreach_Camp_Idrenne,River_Idrenne_Night,63,314d0133,
en-XA,line:0d3f328,"Idrenne: «Ţöñîghţ îţ îš. Ţömöŕŕöw îţ'š ţhé Gàţé. Ýöû'ŕé qûîçk. Î wàš šļöwéŕ, àñď öļďéŕ. ···················»",Windreach_Camp_Idrenne,River_Idrenne_Night,64,0a8a0ffc,
en-XA,line:0d3bfa7,Idrenne: «Ţömöŕŕöw îš ţhé Wîñď Gàţé. Ţhé ýöûñg jûmp. Ñöböďý'š çömé ûp ţhé ûpďŕàfţ îñ föŕţý ýéàŕš. ·······················»,Windreach_Camp_Idrenne,River_Idrenne_Night,66,b0afb1f4,
en-XA,line:0cc8eea,Idrenne: «Wé šîñg ţhém öff àñýwàý. Šöméböďý mîghţ. ···········»,Windreach_Camp_Idrenne,River_Idrenne_Night,67,ddeb9218,
en-XA,line:0775fdc,"Grass: «Gŕàšš övéŕ héŕ héàď, ţŕàmpļéď fļàţ îñ à çîŕçļé. Ţhé çļàñ çàmpš héŕé pàšţ ţhé Gàţé. ······················»",Windreach_Camp_Idrenne,Grass_Idrenne_Night,75,5a240fbc,
en-XA,line:0f62a9d,"Idrenne: «Ţhé ţhîŕď fîŕé'š àšh. Mîñé'š ûp ţhé ŕîšé, îf ýöû'vé à qûéšţîöñ ļéfţ. ·················»",Windreach_Camp_Idrenne,Grass_Idrenne_Night,79,4ed99ff3,
en-XA,line:0df27df,Idrenne: «Ţhîŕď fîŕé. Öñ ţhé ļàšţ ñîghţ wé šàý whéŕé wé wéŕé šţàñďîñg whéñ wé ļéàŕñéď šöméţhîñg. ·······················»,Windreach_Camp_Idrenne,Grass_Idrenne_Night,82,e0ccfa21,
en-XA,line:022fb65,Ossa: «Îñ ţhé ŕîvéŕbéď. Î ļéàŕñéď à böàţ ďöéšñ'ţ ñééď wàţéŕ ţö bé à böàţ. ·················»,Windreach_Camp_Idrenne,Grass_Idrenne_Night,83,618f8cfe,
en-XA,line:03d1b42,"Brek: «Àţ ţhé Gàţé, föŕţý-öñé ýéàŕš bàçk. Î ļéàŕñéď Î çöûļďñ'ţ fļý. Ţöñîghţ Î ļéàŕñéď šöméböďý šţîļļ çàñ. ··························»",Windreach_Camp_Idrenne,Grass_Idrenne_Night,84,e0c7199e,
en-XA,line:0c30025,"Idrenne: «Ýöûŕ ţûŕñ, màp-bîŕď. Whéŕé wéŕé ýöû šţàñďîñg? ············»",Windreach_Camp_Idrenne,Grass_Idrenne_Night,85,a2427fc4,
en-XA,line:0bf786c,"«Àţ ţhé Éďgé, whéñ Îšöļďé wàļkéď îñ. ·········»",Windreach_Camp_Idrenne,Grass_Idrenne_Night,86,9bd0311e,
en-XA,line:0b9e83d,Idrenne: «Ţhéñ ţhàţ öñé'š ýöûŕš. Šàý îţ àgàîñ ñéxţ ýéàŕ àñď îţ'š öûŕš ţöö. ················»,Windreach_Camp_Idrenne,Grass_Idrenne_Night,87,2fe019b0,
en-XA,line:0657d71,«Héŕé. Wîţh àļļ öf ýöû. ······»,Windreach_Camp_Idrenne,Grass_Idrenne_Night,89,96241de9,
en-XA,line:06674ff,Idrenne: «Hà. Ţhàţ'š à çhéàţ. Îţ'š à gööď çhéàţ. Wé'ļļ àļļöw îţ. ·············»,Windreach_Camp_Idrenne,Grass_Idrenne_Night,90,ce544342,
en-XA,line:075b3ad,«Öñ à šţöñé ţhàţ îšñ'ţ çàŕvéď. ········»,Windreach_Camp_Idrenne,Grass_Idrenne_Night,92,6f7fb0ba,
en-XA,line:0a8e3da,"Idrenne: «Ţhé ñîñţh. Ýöû wéŕé ļîšţéñîñg. Bŕék, šhé wàš ļîšţéñîñg. ···············»",Windreach_Camp_Idrenne,Grass_Idrenne_Night,93,b77bd120,
en-XA,line:05e8770,"Idrenne: «Ţhéŕé. Ñöw ýöû'ŕé kñöwñ héŕé. Ţhàţ'š àļļ îţ îš. Évéŕýöñé wàļkš îţ, àñď évéŕýöñé'š kñöwñ. ······················»",Windreach_Camp_Idrenne,Grass_Idrenne_Night,95,805fa0f7,
en-XA,line:0dedfa8,Idrenne: «Ţhé Gûîļď wàñţéď pàpéŕ àñď à šţöñé îñ à vàûļţ. Wé hàvé ļégš àñď ñàméš. ··················»,Windreach_Camp_Idrenne,Grass_Idrenne_Night,96,f05d792f,
en-XA,line:02dc56f,"Bedroll: «À çļàñ béďŕöļļ, ŕöļļéď ţîghţ. Ñöböďý'š wàļkîñg ţömöŕŕöw. ···············»",Windreach_Camp_Road,Camp_Bedroll,7,da48d902,
en-XA,line:02d404d,"Bedroll: «Ţhé çļàñ šļéépš éàŕļý. Ţhéý wàļk àţ fîŕšţ ļîghţ, àļļ öf ţhém, çhîļďŕéñ fîŕšţ. ····················»",Windreach_Camp_Road,Camp_Bedroll,10,a017f7d2,
en-XA,line:08f55b7,"«Šļéép, àñď wàļk wîţh ţhém. ·······»",Windreach_Camp_Road,Camp_Bedroll,11,bd7aab4b,
en-XA,line:0ee13f1,«Ñöţ ýéţ. ··»,Windreach_Camp_Road,Camp_Bedroll,13,46438371,
en-XA,line:0cad014,"Bedroll: «Ţhé fîŕé kéépš. Šö wîļļ ţhéý, ţîļļ möŕñîñg. ···········»",Windreach_Camp_Road,Camp_Bedroll,14,e1744998,
en-XA,line:002f4f6,"Ashes: «Çöļď. Ţhé gŕàšš îš fļàţţéñéď öñ pàšţ ţhé Gàţé, ţö ţhé hîgh gŕàšš. ·················»",Windreach_Camp_Road,Camp_Ashes_Behind,20,2871b328,
en-XA,line:008483b,"Ashes: «Šţîļļ wàŕm. Ţhé gŕàšš îš fļàţţéñéď éàšţ, ţöwàŕď ţhé ŕîvéŕbéď. ·················»",Windreach_Camp_Road,Camp_Ashes_Behind,22,d5478b86,
en-XA,line:0bfcc23,"Ashes: «Öļď àšhéš îñ à ŕîñg öf šţöñéš. Šöméböďý çàmpš héŕé, šömé ñîghţš. ·················»",Windreach_Camp_Road,Camp_Ashes_Ahead,28,990edd01,
en-XA,line:02156b7,"Stone: «Ļîçhéñ öñ ţhé ñöŕţh fàçé. Öñ ţhé šöûţh fàçé, ñöţçhéš: öñé föŕ évéŕý wàļk. ···················»",Windreach_Environment,Stones_Notches,6,c4e028a2,
en-XA,line:0b18d98,Stone: «Ţhéý gö bàçk pàšţ ţhé Gûîļď'š fîŕšţ màp. Ţhé ñéwéšţ îš ţhîš ýéàŕ'š. ·················»,Windreach_Environment,Stones_Notches,7,dbd292ac,
en-XA,line:0b13ca1,"Cloth: «Ţhé ŕöûţé, wövéñ öñ à wàgöñ'š çàñvàš: ñîñé šţöñéš, à ďŕý ŕîvéŕ, à gàţé, à fîŕé. ···················»",Windreach_Environment,Camp_WagonCloth,12,b23e52a7,
en-XA,line:0c7b95d,"Cloth: «Ñö wàļļš àñýwhéŕé öñ îţ. Àţ évéŕý šţöp, ţhé çļàñ îš wövéñ wàļkîñg. ·················»",Windreach_Environment,Camp_WagonCloth,13,32b43ddb,
en-XA,line:0799b32,"Stones: «À ŕîñg öf fļàţ šţöñéš öñ ţhé ļîp. Éàçh îš çàŕvéď wîţh à pļàçé, ñöţ à ñàmé. ···················»",Windreach_Environment,Gate_Lip,18,d96a4908,
en-XA,line:097f87c,"Stones: «""Ţhé Ļöñg Gŕàšš."" ""Ţhé Ďŕý Ŕîvéŕ."" ""Whéŕé ţhé Šţàŕ Féļļ."" Ţhé ýöûñg šţàñď öñ ţhém ţö jûmp. ······················»",Windreach_Environment,Gate_Lip,19,ea7c84dd,
en-XA,line:00249e3,"Idrenne: «Wàŕm ýöûŕ hàñďš. Îţ'š öñļý à fîŕé ñöw. Îţ wàš öñļý à fîŕé béföŕé, ţöö. ·················»",Windreach_Fire_Idrenne,Fire_Idrenne,9,a1fd872b,
en-XA,line:0e2fffd,"Idrenne: «Wàļk ţhé ţhŕéé fîŕéš fîŕšţ. Î'ļļ šàý îţ öñçé, ţö šöméöñé whö'š wàļkéď ţhém. ···················»",Windreach_Fire_Idrenne,Fire_Idrenne,13,fc2cf59b,
en-XA,line:058964b,Idrenne: «Ýöû hàď à qûéšţîöñ. Îšöļďé hàď ţhé šàmé öñé. Àšk îţ. ·············»,Windreach_Fire_Idrenne,Fire_Idrenne,16,013279d3,
en-XA,line:0265fd2,«Höw ďö ýöû höļď à pļàçé? ······»,Windreach_Fire_Idrenne,Fire_Idrenne,17,47b18071,
en-XA,line:0bd809b,«Höw ďö Î šţöp îţ fàďîñg? ······»,Windreach_Fire_Idrenne,Fire_Idrenne,19,c6f96005,
en-XA,line:02e71c6,«Ďö pļàçéš ñééď höļďîñg àţ àļļ? ········»,Windreach_Fire_Idrenne,Fire_Idrenne,21,82cc943a,
en-XA,line:07f4168,"Idrenne: «Î ļéàŕñéď îţ héŕé, àţ ţhîš fîŕé, ţhé ýéàŕ ţhé Gûîļď šàîď ñö ţö ûš. ·················»",Windreach_Fire_Idrenne,Fire_Idrenne,23,f2f23cb9,
en-XA,line:0c1f7e9,Idrenne: «Wé àškéď ţö bé àñçhöŕéď. Wé wéŕé pööŕ. Ţhéý šàîď ţhé Šţéppé wàšñ'ţ wöŕţh à šţöñé. ·····················»,Windreach_Fire_Idrenne,Fire_Idrenne,24,12cdb368,
en-XA,line:0ffb455,Idrenne: «Šö wé màďé à phîļöšöphý öf îţ àfţéŕwàŕďš. Î'ļļ ñöţ pŕéţéñď öţhéŕwîšé. Îţ wöŕkš àñýwàý. ·······················»,Windreach_Fire_Idrenne,Fire_Idrenne,25,950c7bc0,
en-XA,line:0604ff6,Idrenne: «À pļàçé höļďš whéñ îţ'š ļîvéď îñ. Wàļkéď. Évéŕý ñàmé îñ îţ šàîď öûţ ļöûď. ···················»,Windreach_Fire_Idrenne,Fire_Idrenne,26,7ecb6b7c,
en-XA,line:080a49a,"Idrenne: «Öñé ţöwñ çàñ'ţ ďö îţ àļöñé. Îţ ţàkéš évéŕýöñé ýöû'vé méţ, šîñgîñg ţhé šàmé wàļk. ·····················»",Windreach_Fire_Idrenne,Fire_Idrenne,27,aaee947b,
en-XA,line:0c1e91b,Idrenne: «Àñď ţhé šţöñéš gö bàçk whéŕé ţhéý çàmé fŕöm. Ýöû ďöñ'ţ kéép à pļàçé îñ à vàûļţ. ····················»,Windreach_Fire_Idrenne,Fire_Idrenne,28,68be2654,
en-XA,line:087acb7,Idrenne: «Ýöûŕ ļéñš bîŕď fîñîšhéď hîš šîghţîñg. Ţhé Šţéppé'š öñ Gûîļď pàpéŕ ñöw. Wé'ļļ kéép wàļkîñg îţ. ·························»,Windreach_Fire_Idrenne,Fire_Idrenne,31,3f382f9a,
en-XA,line:0c3ecaf,Idrenne: «Ñöw. Ýöû çàŕŕý à qûîļļ. Wîļļ ýöû ďŕàw ţhé Šţéppé? ·············»,Windreach_Fire_Idrenne,Fire_Idrenne,33,f7b70b19,
en-XA,line:067d032,"«Î'ļļ ďŕàw îţ. Föŕ ýöû, ñöţ ţhém. ········»",Windreach_Fire_Idrenne,Fire_Idrenne,34,f18f8174,
en-XA,line:08daa5a,Idrenne: «Pàpéŕ göéš whéŕé pàpéŕ göéš. Î ļéàŕñéď ţhàţ àţ ýöûŕ Pļàţéàû'š gàţé. Ďŕàw wéļļ. ·····················»,Windreach_Fire_Idrenne,Fire_Idrenne,35,659d36b7,
en-XA,line:0095eb0,«Î'ļļ ļéàvé îţ ûñďŕàwñ. ······»,Windreach_Fire_Idrenne,Fire_Idrenne,38,813fae89,
en-XA,line:0461d44,"Idrenne: «Ţhéñ îţ'š öûŕš, àñď ţhé gŕàšš'š. Ţhàñk ýöû. ···········»",Windreach_Fire_Idrenne,Fire_Idrenne,39,9c610363,
en-XA,line:0978c7e,«Î'ļļ wàļk îţ îñšţéàď. Évéŕý ýéàŕ. ·········»,Windreach_Fire_Idrenne,Fire_Idrenne,42,ee1e742c,
en-XA,line:007dd0f,"Idrenne: «Hà. Ţhéñ ýöû'ŕé öñé öf ûš, àñď îţ'š héļď ţhé öļď wàý. Çömé bàçk hûñgŕý. ·················»",Windreach_Fire_Idrenne,Fire_Idrenne,43,e31bc24a,
en-XA,line:0685f52,Idrenne: «Öh. Àñď ţhîš. Öûŕ çöökîñg-šţöñé. Ýöûŕ Gûîļď wöûļď çàļļ îţ à kéýšţöñé. ··················»,Windreach_Fire_Idrenne,Fire_Idrenne,47,09119954,
en-XA,line:0077ebb,Idrenne: «Ţàké îţ. Wé'ļļ çöök öñ à fļàţ ŕöçk. Ñö çöšţ. Î méàñ îţ. Hà! ··············»,Windreach_Fire_Idrenne,Fire_Idrenne,48,0b1efabe,
en-XA,line:0587b9d,"Fire: «Béļöw ţhé ŕîšé, îñ ţhé çŕàţéŕ, îŕöñ gŕöàñš. Föŕţý ýéàŕš àñ àñvîļ. Îţ šîţš ûp. ····················»",Windreach_Fire_Idrenne,Fire_Idrenne,51,ac4fc3ad,
en-XA,line:0982b82,Idrenne: «Ţhé šmîţhš' àñvîļ. Îŕöñ fŕöm ţhé šký. Àšļéép šîñçé Î wàš à gîŕļ. Mîñď ýöûŕ fééţ àñýwàý. ······················»,Windreach_Fire_Idrenne,Star_Idrenne,57,16a877db,
en-XA,line:00d8c4f,Idrenne: «Hà. Ţöļď ýöû. Ñö çöšţ. Wéļļ. Öñé. ········»,Windreach_Fire_Idrenne,Star_Idrenne,62,03dc7719,
en-XA,line:0d7679e,Idrenne: «Ţhé àñvîļ'š çöļď. Ţhé šmîţhš wîļļ çömpļàîñ föŕ à ýéàŕ. Ţhéý ļîké çömpļàîñîñg. ·····················»,Windreach_Fire_Idrenne,Star_Idrenne,63,0225cfa9,
en-XA,line:0fcfb87,Idrenne: «Çöļď îŕöñ. Ţhé šmîţhš föûñď šöméţhîñg ñéw ţö çömpļàîñ àböûţ. Gööď föŕ ţhém. ····················»,Windreach_Fire_Idrenne,Star_Idrenne,66,6e9c0a1b,
en-XA,line:07bf6d8,Idrenne: «Ţhéŕé îţ îš. Ţhé çöšţ. Mîñď ţhé îŕöñ. ·········»,Windreach_Fire_Idrenne,Star_Idrenne,70,b9165aa1,
en-XA,line:0883db4,«Î'ļļ pûţ îţ bàçk ţö šļéép. ·······»,Windreach_Fire_Idrenne,Star_Idrenne,71,b27755de,
en-XA,line:0a64cef,Idrenne: «Šwîñg hàŕď. Îţ'š bééñ hîţ föŕ föŕţý ýéàŕš. Îţ'ļļ wàñţ ţö hîţ bàçk. ·················»,Windreach_Fire_Idrenne,Star_Idrenne,72,639452a9,
en-XA,line:0092314,«Whàţ ďöéš îţ wàñţ? ·····»,Windreach_Fire_Idrenne,Star_Idrenne,74,115e0c79,
en-XA,line:0d0cab1,Idrenne: «À šwîñg. Föŕţý ýéàŕš öûŕ àñvîļ. Îţ'š öwéď öñé. ············»,Windreach_Fire_Idrenne,Star_Idrenne,75,c4a08650,
en-XA,line:0c446af,«Ļéàvé îţ. Îţ'š éàŕñéď ţhé ŕéšţ. ········»,Windreach_Fire_Idrenne,Star_Idrenne,77,59764d0e,
en-XA,line:0b793b8,Idrenne: «Ţhéñ îţ šţàñďš ţhéŕé àwàké ţîļļ îţ'š ţîŕéď. Wé'ļļ šmîţh šöméwhéŕé éļšé. ···················»,Windreach_Fire_Idrenne,Star_Idrenne,78,13fbaa76,
en-XA,line:0f3e0ba,Idrenne: «Ţhé Gàţé îš ţhé ţhîŕď ďàý'š. Wàļk ţhé fîŕšţ ţwö wîţh ûš àñď ýöû'ļļ kñöw whý. ···················»,Windreach_Gate_Idrenne,Gate_Idrenne_Leap,8,d1648b6e,
en-XA,line:0fc27e2,Idrenne: «Föŕţý ýéàŕš wé šàñg ţhém öff ţhîš ļîp. Ţhéñ ýöû. Î wàš šţàñďîñg ŕîghţ héŕé. ····················»,Windreach_Gate_Idrenne,Gate_Idrenne_Leap,12,f949056a,
en-XA,line:0ca651a,"Idrenne: «Ţhîš îš ţhé Gàţé. Ţhé ýöûñg šţàñď öñ ţhé ļîp, àñď wé šîñg, àñď ţhéý jûmp. ··················»",Windreach_Gate_Idrenne,Gate_Idrenne_Leap,15,7e50dce3,
en-XA,line:016bb6f,Idrenne: «Ţhé ûpďŕàfţ ûšéď ţö çàţçh ţhém. Föŕ föŕţý ýéàŕš ñöw îţ hàšñ'ţ. Wé šîñg àñýwàý. ····················»,Windreach_Gate_Idrenne,Gate_Idrenne_Leap,16,5e5e6eb0,
en-XA,line:0057f8a,"Idrenne: «Ñöböďý màkéš ýöû. Ñöböďý hàš, šîñçé ţhé fîŕšţ öñé féļļ. ···············»",Windreach_Gate_Idrenne,Gate_Idrenne_Leap,17,336544a7,
en-XA,line:09106a6,«Î'ļļ jûmp. ···»,Windreach_Gate_Idrenne,Gate_Idrenne_Leap,18,7cc4bdd1,
en-XA,line:03aa6d4,Idrenne: «Ţhéñ wé'ļļ šîñg. ····»,Windreach_Gate_Idrenne,Gate_Idrenne_Leap,19,5b7bc5c9,
en-XA,line:0a38587,«Whàţ ďö ýöû šîñg? ·····»,Windreach_Gate_Idrenne,Gate_Idrenne_Leap,21,f03fd0c9,
en-XA,line:066c0aa,Idrenne: «Whéŕé éàçh öf ûš wàš šţàñďîñg whéñ wé ļéàŕñéď ţö fļý. Ñöböďý ŕémémbéŕš. Šö wé šîñg ţhé pļàçéš. ·························»,Windreach_Gate_Idrenne,Gate_Idrenne_Leap,22,d30af0ad,
en-XA,line:01563b7,«...»,Windreach_Gate_Idrenne,Gate_Idrenne_Leap,24,ab5df625,
en-XA,line:0283f3f,"Idrenne: «Ýéš. Ţhàţ'š höw ţhé bŕàvé öñéš šţàñď, ţöö. ···········»",Windreach_Gate_Idrenne,Gate_Idrenne_Leap,25,afb1964b,
en-XA,line:09c9e54,"Gate: «Šhé jûmpš. Ţhé šöñg föļļöwš héŕ ďöwñ. Ţhéñ ţhé àîŕ ŕémémbéŕš héŕ, àñď höļďš. ····················»",Windreach_Gate_Idrenne,Gate_Idrenne_Leap,27,cf628427,
en-XA,line:05732f0,"Idrenne: «Hà! Ļöök àţ héŕ. Bŕék, ļöök. Ţhé wîñď kñöwš ýöû, màp-bîŕď. ··············»",Windreach_Gate_Idrenne,Gate_Idrenne_Leap,28,226e99cd,
en-XA,line:069d8bf,Idrenne: «Îţ kñöwš whéŕé ýöû'ŕé fŕöm béţţéŕ ţhàñ ýöû ďö. ············»,Windreach_Gate_Idrenne,Gate_Idrenne_Leap,29,1d36155a,
en-XA,line:0c5701b,Hale: «Ñîñé öf ñîñé. Fîļéď. Î'ļļ ţàké ţhé ļöñg ŕöàď hömé. Ļövéļý gŕàšš. ················»,Windreach_Stones_Hale,Stones_Hale,13,1a5b3552,
en-XA,line:001ab5c,Hale: «Ţhé ñîñţh wöñ'ţ šîţ föŕ ţhé ļéñš. Pŕöféššîöñàļ çöûŕţéšý: Î'm wàîţîñg föŕ ýöû. ····················»,Windreach_Stones_Hale,Stones_Hale,15,aaa545ae,
en-XA,line:0e4b541,Hale: «Jöûŕñéýmàñ. Pŕöféššîöñàļ çöûŕţéšý: Î'ļļ fîñîšh fîŕšţ. ···············»,Windreach_Stones_Hale,Stones_Hale,19,316237a4,
en-XA,line:084b2cf,"Hale: «Éîghţ šţöñéš šîghţéď. Ţhé ñîñţh, àñď ţhé Gûîļď çàñ àñçhöŕ ţhé Šţéppé. Ţhé Gûîļďmàšţéŕ àškéď föŕ îţ hîmšéļf. ·····························»",Windreach_Stones_Hale,Stones_Hale,20,9afbf30c,
en-XA,line:06b6877,«Ñöţ ţhîš öñé. Pûţ ţhé ļéñš ďöwñ. ········»,Windreach_Stones_Hale,Stones_Hale,21,4ef134d8,
en-XA,line:0006b2b,Hale: «Ţhéñ îţ'š à ďûéļ. Ţhé öñļý kîñď ţwö šûŕvéýöŕš çàñ hàvé. Mîñď ţhé šţöñéš. ···················»,Windreach_Stones_Hale,Stones_Hale,22,74069076,
en-XA,line:0576cd1,«Whý wöñ'ţ ţhé ñîñţh šîţ föŕ ýöû? ········»,Windreach_Stones_Hale,Stones_Hale,24,6d15a8dc,
en-XA,line:0facb28,Hale: «Îţ mövéš. Î ďöñ'ţ kñöw höw à šţöñé mövéš. Föûŕ ñîghţš Î'vé šîghţéď îţ. ··················»,Windreach_Stones_Hale,Stones_Hale,25,6cf86a47,
en-XA,line:08a8460,"Hale: «Héļp mé, öŕ šţöp mé. Î'ď ţàké éîţhéŕ. ·········»",Windreach_Stones_Hale,Stones_Hale,26,491ff188,
en-XA,line:0c06ac8,«Ţhéñ Î'ļļ šţöp ýöû. ·····»,Windreach_Stones_Hale,Stones_Hale,28,afab5aff,
en-XA,line:018d382,Hale: «Fàîŕ. Mîñď ţhé šţöñéš. ······»,Windreach_Stones_Hale,Stones_Hale,29,3ec4a540,
en-XA,line:0e618fc,«Šţàñď ţhéŕé. Î'ļļ höļď ţhé šţàff. ·········»,Windreach_Stones_Hale,Stones_Hale,31,a417d392,
en-XA,line:031763f,"«Fîñîšh îţ, ţhéñ. ····»",Windreach_Stones_Hale,Stones_Hale,34,11778cd5,
en-XA,line:0034a90,Hale: «Ţhàñk ýöû. Ţŕûļý. Höļď îţ ţhéŕé. Šöméböďý šţàñďîñg îš àļļ îţ wàñţéď. ··················»,Windreach_Stones_Hale,Stones_Hale_Finish,43,9806a9d4,
en-XA,line:039ba34,Hale: «Ñîñé. Ţhé Šţéppé îš öñ ţhé Gûîļď'š màp. Ţhéý'ļļ šéñď à šţöñé wîţhîñ ţhé ýéàŕ. ····················»,Windreach_Stones_Hale,Stones_Hale_Finish,44,58c984e5,
en-XA,line:0596765,"Hale: «Î'ļļ ţéļļ ţhém ţhé gŕàšš àţé îţ. Îţ ďöéš, ýöû kñöw. ·············»",Windreach_Stones_Hale,Stones_Hale_Pages,52,bde645d2,
en-XA,line:0572ce1,Hale: «Éļévéñ möñţhš öf pàgéš. Î çàñ'ţ ţéàŕ ţhém. Ýöû ďö îţ. ·············»,Windreach_Stones_Hale,Stones_Hale_Pages,55,fac50619,
en-XA,line:0afd9e9,«Bûŕñ ţhém. Àļļ éļévéñ möñţhš. ········»,Windreach_Stones_Hale,Stones_Hale_Pages,56,e0d34602,
en-XA,line:0fda26c,Hale: «Ýéš. Béţţéŕ ýöû ţhàñ mé. Kéép ţhé ļéñš. Î wöñ'ţ ñééď îţ. ··············»,Windreach_Stones_Hale,Stones_Hale_Pages,57,378e026f,
en-XA,line:0d018fe,«Î'ļļ kéép ţhém. Ñöböďý éļšé wîļļ. ·········»,Windreach_Stones_Hale,Stones_Hale_Pages,60,15aff602,
en-XA,line:0d00bf5,Hale: «À šûŕvéý öñļý ýöû höļď. Îšöļďé wöûļď hàvé ļàûghéď. Kéép ţhé ļéñš ţöö. ··················»,Windreach_Stones_Hale,Stones_Hale_Pages,61,266c9b53,
en-XA,line:06ba850,«...»,Windreach_Stones_Hale,Stones_Hale_Pages,64,ab5df625,
en-XA,line:0c34540,Hale: «Šîļéñçé. Fàîŕ. Î'ļļ bûŕñ ţhém öñ ţhé ŕöàď mýšéļf. Ţàké ţhé ļéñš. ················»,Windreach_Stones_Hale,Stones_Hale_Pages,65,d7a6e082,
